ObjectId,GeoPosition_type,GeoPosition_latitude,GeoPosition_longitude,CountryCode,PostalCode,PlaceName,AdminName1,AdminName2,AdminName3,Population,Area_km_sq,Pop_per_sq_km2,Agriculture_and_Allied_Activities,Transport_Operators,Computer_Software,"Tourism,_Hotels_and_Restaurants",Shipping,Aviation,Professional_Services,Commercial_Real_Estate,Education,Housing,Export_Credit,Housing_Finance_Companies_(HFCs),Public_Financial_Institutions_(PFIs),Wholesale_Trade,Retail_Trade,Consumer_Durables,Renewable_Energy,Healthcare,Transaction_Intensity_Lakh_Per_Year_Per_km2
t4zh69sSS6,GeoPoint,18.95,72.81,IN,400001,Town Hall (Mumbai),Maharashtra,Mumbai,Mumbai,133622,7.16,18662.29,9,44,59,100,2,1,106,57,40,142,17,17,5,26,74,2,15,17,2799.34
cSfjoDH7wm,GeoPoint,18.95,72.81,IN,400001,Tajmahal,Maharashtra,Mumbai,Mumbai,133622,7.16,18662.29,4,37,42,107,2,5,103,45,12,117,20,11,2,25,90,1,11,20,2799.34
LQTtPoofvx,GeoPoint,18.95,72.81,IN,400001,Stock Exchange,Maharashtra,Mumbai,Mumbai,133622,7.16,18662.29,5,37,44,89,6,5,112,59,45,108,17,19,1,38,99,1,10,17,2799.34
UH7NFa8qb1,GeoPoint,18.95,72.81,IN,400001,Mumbai G.P.O.,Maharashtra,Mumbai,Mumbai,133622,7.16,18662.29,7,33,67,106,3,5,110,42,35,116,25,11,1,37,54,2,15,24,2799.34
sCBSgrQiZa,GeoPoint,18.95,72.81,IN,400001,M.P.T.,Maharashtra,Mumbai,Mumbai,133622,7.16,18662.29,8,25,43,99,4,3,106,65,43,150,22,14,2,28,93,3,11,24,2799.34
TDXs7ZgFqp,GeoPoint,18.95,72.81,IN,400001,Bazargate,Maharashtra,Mumbai,Mumbai,133622,7.16,18662.29,7,51,46,103,10,1,111,60,35,125,21,10,3,40,54,2,12,24,2799.34
apvT9KrCpc,GeoPoint,18.98,72.83,IN,400002,Thakurdwar,Maharashtra,Mumbai,Mumbai,79936,1.53,52245.75,5,20,69,89,2,3,103,55,29,129,23,13,3,39,54,4,13,30,7836.86
BNpHIDD0Nr,GeoPoint,18.98,72.83,IN,400002,S. C. Court,Maharashtra,Mumbai,Mumbai,79936,1.53,52245.75,9,38,33,83,8,3,95,60,22,101,25,15,4,33,80,1,14,27,7836.86
V0T4Hs9uLk,GeoPoint,18.98,72.83,IN,400002,Kalbadevi H.O,Maharashtra,Mumbai,Mumbai,79936,1.53,52245.75,6,43,46,92,4,3,138,68,31,146,25,19,1,39,94,3,15,15,7836.86
8BhrEdewUw,GeoPoint,18.95,72.83,IN,400003,Null Bazar,Maharashtra,Mumbai,Dadar,50426.5,0.79,63831.01,9,30,70,104,7,1,120,51,43,111,17,12,2,28,65,2,15,22,9574.65
HHUllFR6c5,GeoPoint,18.95,72.83,IN,400003,Masjid,Maharashtra,Mumbai,Dadar,50426.5,0.79,63831.01,5,30,39,98,2,5,128,58,39,103,20,14,3,31,71,2,14,23,9574.65
7LQ9cWue2n,GeoPoint,18.95,72.83,IN,400003,Mandvi (Mumbai),Maharashtra,Mumbai,Dadar,37811,0.58,65191.38,9,34,67,104,9,5,91,47,14,125,18,17,5,30,56,1,15,18,9778.71
YYzR5ekpgO,GeoPoint,18.95,72.83,IN,400003,B.P.Lane,Maharashtra,Mumbai,Dadar,63042,1,63042,5,41,40,103,4,4,121,50,37,144,21,16,3,35,57,3,15,20,9456.3
kTfc284PaC,GeoPoint,18.95,72.82,IN,400004,Opera House,Maharashtra,Mumbai,Mumbai,11232,0.21,53485.71,8,23,60,97,6,2,140,64,39,107,24,10,2,40,78,3,15,23,8022.86
NwUi4v0Rym,GeoPoint,18.95,72.82,IN,400004,Madhavbaug,Maharashtra,Mumbai,Mumbai,53285.75,0.88,60724.5,6,40,35,96,7,4,124,46,26,114,24,12,4,34,87,2,13,21,9108.68
N1nLJwReRQ,GeoPoint,18.95,72.82,IN,400004,Girgaon,Maharashtra,Mumbai,Mumbai,99348,1.66,59848.19,9,22,30,106,7,4,123,56,12,132,20,10,1,34,98,3,13,17,8977.23
aBv79YgBJD,GeoPoint,18.95,72.82,IN,400004,Chaupati,Maharashtra,Mumbai,Mumbai,53285.75,0.88,60724.5,7,54,47,94,10,5,93,67,42,118,19,17,2,37,81,2,14,30,9108.68
FjnPqxzmFE,GeoPoint,18.95,72.82,IN,400004,Charni Road,Maharashtra,Mumbai,Mumbai,99826,1.51,66109.93,10,20,47,109,6,2,119,60,30,117,25,17,2,26,78,1,10,20,9916.49
YrQfjkRqHc,GeoPoint,18.95,72.82,IN,400004,Ambewadi (Mumbai),Maharashtra,Mumbai,Mumbai,2737,0.13,21053.85,10,40,69,92,9,1,114,54,20,134,18,14,3,28,62,1,14,19,3158.08
eJCJdGFx7X,GeoPoint,18.91,72.81,IN,400005,V.W.T.C.,Maharashtra,Mumbai,Mumbai,84807,4.99,16995.39,7,21,57,83,8,1,130,56,30,111,19,17,2,33,72,4,12,21,2549.31
wamihB62dG,GeoPoint,18.91,72.81,IN,400005,Holiday Camp,Maharashtra,Mumbai,Mumbai,84807,4.99,16995.39,8,39,35,109,2,2,131,49,23,122,22,17,4,36,74,1,14,20,2549.31
QuagsNvZc5,GeoPoint,18.91,72.81,IN,400005,Colaba Bazar,Maharashtra,Mumbai,Mumbai,84807,4.99,16995.39,4,46,45,106,8,2,112,46,18,123,18,16,3,36,91,2,15,25,2549.31
FrkxpkcSqL,GeoPoint,18.91,72.81,IN,400005,Colaba,Maharashtra,Mumbai,Mumbai,84807,4.99,16995.39,7,48,33,87,4,5,109,57,14,134,25,18,1,38,82,4,15,19,2549.31
R85ixHKsCK,GeoPoint,18.91,72.81,IN,400005,Asvini,Maharashtra,Mumbai,Mumbai,84807,4.99,16995.39,7,55,37,103,5,2,111,59,17,144,18,11,2,39,94,2,15,26,2549.31
MPefHbzgkg,GeoPoint,18.96,72.85,IN,400006,Malabar Hill,Maharashtra,Mumbai,Mumbai,48956,2.38,20569.75,5,37,59,92,5,2,114,58,27,118,16,20,3,37,74,4,13,25,3085.46
Aq3rMDhZQh,GeoPoint,18.97,72.82,IN,400007,Tardeo,Maharashtra,Mumbai,Mumbai,77813,1.53,50858.17,8,37,66,80,8,5,92,53,25,140,17,16,3,36,77,1,12,19,7628.73
hkii375Emj,GeoPoint,18.96,72.82,IN,400007,S V Marg,Maharashtra,Mumbai,Mumbai,59258,1.14,52209.69,7,53,49,97,9,3,108,49,28,131,17,15,5,35,60,5,14,15,7831.45
4mXA0kLPpH,GeoPoint,18.96,72.82,IN,400007,N.S.Patkar Marg,Maharashtra,Mumbai,Mumbai,88893,1.72,51681.98,4,50,54,86,7,4,125,42,38,108,21,16,4,27,70,2,15,30,7752.3
pFldJIAjeS,GeoPoint,18.96,72.82,IN,400007,Grant Road,Maharashtra,Mumbai,Mumbai,63744,0.98,65044.9,4,37,38,105,8,4,106,60,18,137,23,13,5,35,63,2,10,20,9756.73
ZFuGmPkB5E,GeoPoint,18.96,72.82,IN,400007,Bharat Nagar (Mumbai),Maharashtra,Mumbai,Mumbai,6582,0.31,21232.26,8,27,30,98,10,4,133,60,21,147,18,16,2,38,64,2,15,26,3184.84
vmsR1uxa2F,GeoPoint,18.95,72.81,IN,400008,Mumbai Central H.O,Maharashtra,Mumbai,Mumbai,135796,2.59,52430.89,8,38,53,87,8,3,96,40,12,122,16,14,1,28,51,4,11,26,7864.63
vco5nYpwt0,GeoPoint,18.95,72.81,IN,400008,M A Marg,Maharashtra,Mumbai,Mumbai,82470,1.45,56745.41,4,37,37,87,5,5,131,55,25,131,17,17,1,40,74,3,13,19,8511.81
BqWfWhNXEZ,GeoPoint,18.95,72.81,IN,400008,Kamathipura,Maharashtra,Mumbai,Mumbai,101517,1.56,65075,10,26,33,103,7,4,103,66,31,102,19,13,2,28,68,1,10,30,9761.25
VfAqOhXkAn,GeoPoint,18.95,72.81,IN,400008,J.J.Hospital,Maharashtra,Mumbai,Mumbai,10097,0.21,48080.95,9,42,53,81,4,1,122,65,38,130,24,11,1,40,58,4,14,29,7212.14
hs3jpbAPGw,GeoPoint,18.95,72.81,IN,400008,Falkland Road,Maharashtra,Mumbai,Mumbai,82470,1.45,56745.41,6,36,43,109,7,5,135,52,19,135,21,17,4,36,83,4,15,20,8511.81
EOe6TSVWmP,GeoPoint,18.95,72.81,IN,400009,Princess Dock,Maharashtra,Mumbai,Dadar,75609,1.8,42005,6,43,64,110,6,2,139,70,15,103,17,16,1,27,79,5,14,15,6300.75
SzhratOgFJ,GeoPoint,18.95,72.81,IN,400009,Noor Baug,Maharashtra,Mumbai,Dadar,75609,1.8,42005,9,23,41,104,7,1,110,42,17,132,25,16,3,37,51,2,10,26,6300.75
DfX1CpqyUV,GeoPoint,18.95,72.81,IN,400009,Chinchbunder,Maharashtra,Mumbai,Mumbai,75609,1.8,42005,8,40,41,81,9,4,116,68,38,104,24,19,1,27,60,2,13,26,6300.75
fv7G2KHb7e,GeoPoint,18.97,72.85,IN,400010,V K Bhavan,Maharashtra,Mumbai,Dadar,97188.5,3.84,25342.5,6,53,42,99,6,3,99,43,29,129,15,15,2,37,58,2,14,16,3801.38
Q4VBG11lam,GeoPoint,18.97,72.85,IN,400010,Mazgaon Road,Maharashtra,Mumbai,Dadar,97188.5,3.84,25342.5,4,28,37,102,6,1,127,60,14,136,16,11,3,36,100,5,15,26,3801.38
A0TmdjEbvT,GeoPoint,18.97,72.85,IN,400010,Mazgaon Dock,Maharashtra,Mumbai,Dadar,96013,3.14,30577.39,4,25,35,99,7,5,123,44,42,134,18,17,2,26,80,2,11,23,4586.61
0SISJjgRwY,GeoPoint,18.97,72.85,IN,400010,Mazgaon,Maharashtra,Mumbai,Dadar,98364,4.53,21713.91,7,24,59,91,2,3,108,54,12,131,20,16,4,35,53,1,14,18,3257.09
TKaEAQs1DD,GeoPoint,18.97,72.85,IN,400010,Dockyard Road,Maharashtra,Mumbai,Dadar,97188.5,3.84,25342.5,10,50,68,93,7,3,106,65,16,100,22,16,4,35,88,4,11,28,3801.38
HgBAByhRxh,GeoPoint,18.98,72.83,IN,400011,Jacob Circle,Maharashtra,Mumbai,Mumbai,72497,1.72,42149.42,10,37,34,92,7,5,125,43,26,120,25,13,1,31,100,3,14,23,6322.41
4ik9tJr8lb,GeoPoint,18.98,72.83,IN,400011,Haines Road,Maharashtra,Mumbai,Mumbai,32298,0.76,42637.62,5,29,63,91,9,2,137,53,26,135,18,13,3,32,51,4,14,19,6395.64
H8RkvTaADZ,GeoPoint,18.98,72.83,IN,400011,Chinchpokli,Maharashtra,Mumbai,Mumbai,10741,0.28,38360.71,6,47,53,86,6,2,111,67,29,104,17,17,4,32,87,2,12,24,5754.11
Ewshfgz5TN,GeoPoint,18.98,72.83,IN,400011,BPC  Jacob Circle,Maharashtra,Mumbai,Mumbai,20409,0.47,43423.4,8,45,57,99,5,2,90,63,24,101,25,19,4,39,57,4,15,20,6513.51
XNHowlpqUe,GeoPoint,18.98,72.83,IN,400011,Agripada,Maharashtra,Mumbai,Mumbai,25545,0.56,45616.07,4,41,41,106,6,1,104,63,24,150,24,11,1,40,68,1,15,23,6842.41
0lVEWvLahT,GeoPoint,19,72.83,IN,400012,Parel Rly Work Shop,Maharashtra,Mumbai,Dadar,106235.67,2.88,36887.38,9,48,53,94,10,1,117,40,43,148,25,16,4,33,81,5,11,23,5533.11
Ur9pJ7LJe8,GeoPoint,19,72.83,IN,400012,Parel Naka,Maharashtra,Mumbai,Mumbai,106235.67,2.88,36887.38,8,24,46,88,10,4,101,48,27,108,22,17,4,35,91,3,10,21,5533.11
4TgRyXNV6o,GeoPoint,19,72.83,IN,400012,Parel,Maharashtra,Mumbai,Dadar,146056,4.06,35974.38,6,38,59,110,8,1,90,62,11,126,16,13,2,33,77,5,15,30,5396.16
LfM8rOFXwV,GeoPoint,19,72.83,IN,400012,Lal Baug,Maharashtra,Mumbai,Dadar,2682,0.18,14900,4,43,63,84,2,1,98,51,23,135,18,16,1,32,78,2,10,27,2235
w9KeMPifIr,GeoPoint,19,72.83,IN,400012,Haffkin Institute,Maharashtra,Mumbai,Mumbai,106235.67,2.88,36887.38,7,20,54,107,4,2,125,59,29,104,18,20,3,33,62,3,11,29,5533.11
jehG2MEfsj,GeoPoint,19,72.83,IN,400012,Chamarbaug,Maharashtra,Mumbai,Dadar,106235.67,2.88,36887.38,10,29,58,98,9,5,98,44,25,123,21,14,5,28,78,3,13,30,5533.11
hB4Cf9yS8a,GeoPoint,19,72.83,IN,400012,BEST STaff Quarters,Maharashtra,Mumbai,Dadar,169969,4.4,38629.32,8,52,64,103,7,5,117,51,39,113,17,15,4,29,70,5,12,25,5794.4
RVEv4g8ZwV,GeoPoint,19.01,72.84,IN,400013,Delisle Road,Maharashtra,Mumbai,Mumbai,91148,2.19,41620.09,6,32,69,82,8,4,133,68,22,148,25,10,3,35,96,3,15,30,6243.01
pbXXPKJ0Or,GeoPoint,19.01,72.84,IN,400014,Naigaon (Mumbai),Maharashtra,Mumbai,Mumbai,22456,0.42,53466.67,8,32,65,110,9,3,101,60,38,101,23,11,1,30,86,1,15,22,8020
uhEjITE4mF,GeoPoint,19.01,72.84,IN,400014,Dadar H.O,Maharashtra,Mumbai,Mumbai,89118,1.93,46175.13,6,22,43,88,3,5,106,53,29,130,23,16,2,30,100,2,12,30,6926.27
Rb4767qv6Q,GeoPoint,19.01,72.84,IN,400014,Dadar Colony,Maharashtra,Mumbai,Mumbai,13837,0.35,39534.29,8,41,32,88,9,3,112,42,28,110,15,10,1,26,60,3,11,19,5930.14
zv5krFTh1c,GeoPoint,19,72.85,IN,400015,Sewri,Maharashtra,Mumbai,Dadar,93604,4.05,23112.1,4,27,35,107,7,5,91,56,28,150,20,12,3,31,72,2,13,19,3466.81
AbiLE1tcSV,GeoPoint,19.01,72.84,IN,400016,Mori Road,Maharashtra,Mumbai,Mumbai,96551,2.11,45867.46,7,30,31,93,7,2,115,69,35,129,21,18,2,38,92,3,14,26,6880.12
G9cE3HhD1A,GeoPoint,19.01,72.84,IN,400016,Mahim H.O,Maharashtra,Mumbai,Mumbai,109440,2.31,47376.62,4,25,34,99,2,5,103,62,16,135,24,15,2,36,71,3,13,24,7106.49
VKoLWCAGHW,GeoPoint,19.01,72.84,IN,400016,Mahim East,Maharashtra,Mumbai,Mumbai,83662,1.9,44032.63,10,49,68,88,4,2,130,40,37,118,16,19,5,31,83,4,14,30,6604.89
ZG40TmA8XW,GeoPoint,19.01,72.84,IN,400016,Mahim Bazar,Maharashtra,Mumbai,Mumbai,96551,2.11,45867.46,9,29,38,88,9,1,108,64,29,136,20,14,5,40,52,5,15,23,6880.12
8I2gAKgZQf,GeoPoint,19.01,72.84,IN,400016,Kapad Bazar,Maharashtra,Mumbai,Mumbai,96551,2.11,45867.46,10,35,34,109,6,3,97,43,20,106,20,11,3,38,51,2,10,20,6880.12
00bm5ogTx3,GeoPoint,19.05,72.87,IN,400017,Dharavi Road,Maharashtra,Mumbai,Mumbai,107144,3.93,27263.1,4,53,54,105,8,5,140,42,16,114,23,20,2,37,84,1,12,15,4089.47
SawCFjGvf6,GeoPoint,19.05,72.87,IN,400017,Dharavi,Maharashtra,Mumbai,Mumbai,92135,2.8,32905.36,8,21,30,93,6,3,106,70,25,105,22,14,1,38,58,5,12,21,4935.8
DBnHipfXWf,GeoPoint,19.02,72.82,IN,400018,Worli Naka,Maharashtra,Mumbai,Mumbai,99917,3.73,26787.4,4,31,30,99,8,2,91,43,22,120,16,11,1,30,55,3,11,29,4018.11
YKhtxWOhuM,GeoPoint,19.02,72.82,IN,400018,Worli,Maharashtra,Mumbai,Mumbai,132452,4.16,31839.42,4,39,56,99,10,2,96,57,20,137,24,13,1,25,91,4,13,27,4775.91
nBoX4qPNvb,GeoPoint,19.03,72.85,IN,400019,Matunga,Maharashtra,Mumbai,Mumbai,90888,2.31,39345.45,7,46,33,90,2,4,98,57,14,142,19,11,4,34,96,1,12,20,5901.82
LQdrA0LpwI,GeoPoint,18.99,72.83,IN,400020,Marine Lines,Maharashtra,Mumbai,Mumbai,41243,1.01,40834.65,9,22,41,81,10,2,119,64,32,117,19,17,5,36,92,4,12,29,6125.2
nqB3Sa7OZC,GeoPoint,18.99,72.83,IN,400020,Churchgate,Maharashtra,Mumbai,Mumbai,37130,0.94,39500,4,49,68,89,7,2,118,43,39,127,15,15,3,34,68,4,13,16,5925
UIDVqYX4sY,GeoPoint,18.99,72.83,IN,400020,Central Building,Maharashtra,Mumbai,Mumbai,39186.5,0.98,40191.28,6,52,33,81,7,1,96,42,43,114,20,14,3,39,59,1,10,17,6028.69
O2cxH75XEs,GeoPoint,18.93,72.82,IN,400021,New Yogakshema,Maharashtra,Mumbai,Mumbai,21306,0.77,27670.13,4,24,64,101,7,4,130,46,41,118,23,10,3,35,100,3,10,16,4150.52
6Tj06B5Qyx,GeoPoint,18.93,72.82,IN,400021,Nariman Point,Maharashtra,Mumbai,Mumbai,21306,0.77,27670.13,5,33,39,103,5,2,126,68,24,149,24,19,4,36,88,3,15,26,4150.52
yRJGsyhIDb,GeoPoint,18.93,72.82,IN,400021,Elephanta Caves Po,Maharashtra,Raigarh(MH),Uran,21306,0.77,27670.13,8,43,53,93,2,2,134,67,34,116,17,16,1,28,54,4,11,20,4150.52
GOdE4T56Zr,GeoPoint,19.03,72.85,IN,400022,Transit Camp,Maharashtra,Mumbai,Chembur,119748,4.02,29788.06,9,30,38,82,5,3,133,44,17,129,24,18,2,33,59,1,15,19,4468.21
JF6WvrGtKh,GeoPoint,19.03,72.85,IN,400022,Sion,Maharashtra,Mumbai,Mumbai,156277,5.61,27856.86,10,31,41,82,4,4,135,50,39,103,16,19,4,33,51,3,14,20,4178.53
TrHclwWosZ,GeoPoint,19.03,72.85,IN,400022,Raoli Camp,Maharashtra,Mumbai,Chembur,138012.5,4.82,28663.03,7,26,44,97,3,5,94,59,18,109,17,16,3,33,86,1,11,17,4299.45
MpynFRscW2,GeoPoint,19.03,72.85,IN,400022,Chunabhatti,Maharashtra,Mumbai,Chembur,138012.5,4.82,28663.03,8,42,36,101,10,2,118,53,35,144,16,18,4,26,83,5,12,17,4299.45
ICvZ7mKgab,GeoPoint,18.99,72.83,IN,400024,Nehru Nagar (Mumbai),Maharashtra,Mumbai,Chembur,84400,2.73,30915.75,8,24,64,86,10,5,104,60,45,126,17,10,3,35,85,2,15,28,4637.36
JNHwDkWAsJ,GeoPoint,19.02,72.83,IN,400025,Prabhadevi,Maharashtra,Mumbai,Mumbai,61518,1.33,46254.14,9,46,40,88,2,4,133,44,30,123,20,10,3,37,66,3,14,29,6938.12
DsfDcFcCOY,GeoPoint,19.02,72.83,IN,400025,New Prabhadevi Road,Maharashtra,Mumbai,Mumbai,58797,1.32,44543.18,6,28,49,105,2,3,99,47,28,112,24,19,1,26,91,2,12,22,6681.48
txRmPebLHN,GeoPoint,18.97,72.8,IN,400026,Gowalia Tank,Maharashtra,Mumbai,Mumbai,45693,1.24,36849.19,7,53,63,98,6,5,115,53,30,130,19,10,5,36,59,5,14,16,5527.38
wlvmWCt334,GeoPoint,18.97,72.8,IN,400026,Dr Deshmukh Marg,Maharashtra,Mumbai,Mumbai,45693,1.24,36849.19,4,40,65,104,7,1,99,59,13,110,17,19,5,38,77,5,14,16,5527.38
eGhHLZXD7g,GeoPoint,18.97,72.8,IN,400026,Cumballa Sea Face,Maharashtra,Mumbai,Mumbai,38503,1.15,33480.87,7,32,60,80,8,5,140,42,43,137,19,15,5,27,73,1,14,18,5022.13
5d5qwZnFyJ,GeoPoint,18.97,72.8,IN,400026,Cumballa Hill,Maharashtra,Mumbai,Mumbai,52883,1.33,39761.65,4,44,65,101,9,4,136,41,31,119,16,13,4,27,80,4,12,27,5964.25
mk4rCRDXQn,GeoPoint,18.99,72.83,IN,400027,V J B Udyan,Maharashtra,Mumbai,Dadar,28775,0.94,30611.7,10,54,66,94,2,2,136,53,37,124,20,14,2,27,96,5,10,27,4591.76
L8rziSaRlA,GeoPoint,18.99,72.83,IN,400028,Shivaji Park (Mumbai),Maharashtra,Mumbai,Mumbai,26023,0.58,44867.24,5,34,52,108,4,4,135,54,36,120,15,12,2,36,66,4,14,19,6730.09
cAvQXbkWmY,GeoPoint,18.99,72.83,IN,400028,S V S Marg,Maharashtra,Mumbai,Mumbai,74044.5,1.53,48553.77,8,45,54,94,2,3,122,67,22,142,25,18,5,25,63,1,11,25,7283.07
szAF0uVJad,GeoPoint,18.99,72.83,IN,400028,Ranade Road,Maharashtra,Mumbai,Mumbai,74044.5,1.53,48553.77,4,30,31,105,8,3,137,55,42,102,21,19,2,36,92,5,10,30,7283.07
CyJA46Cd7X,GeoPoint,18.99,72.83,IN,400028,Gokhale Road (Mumbai),Maharashtra,Mumbai,Mumbai,74044.5,1.53,48553.77,4,23,66,88,7,4,134,57,30,110,22,17,3,37,61,5,12,29,7283.07
JYNzcO7V8d,GeoPoint,18.99,72.83,IN,400028,Bhawani Shankar Rd,Maharashtra,Mumbai,Mumbai,74044.5,1.53,48553.77,8,29,51,96,8,2,123,52,44,102,15,15,5,33,55,3,11,17,7283.07
Jj7KmlB45H,GeoPoint,18.99,72.83,IN,400028,Bhawani Shankar,Maharashtra,Mumbai,Mumbai,122066,2.47,49419.43,8,21,60,81,2,3,90,45,20,108,20,13,2,40,65,3,15,17,7412.91
dZbtD2lHBG,GeoPoint,18.99,72.83,IN,400029,Santacruz P&t Colony,Maharashtra,Mumbai,Mumbai,36382,1.48,24582.43,9,36,51,102,5,5,137,43,34,150,15,16,2,25,100,1,12,26,3687.36
isep93iNMW,GeoPoint,18.99,72.83,IN,400029,A I Staff Colony,Maharashtra,Mumbai,Mumbai,4740,0.22,21545.45,7,44,55,109,6,4,121,48,41,129,21,20,5,36,60,2,10,16,3231.82
XuRrpUZC1Q,GeoPoint,19.02,72.85,IN,400030,Worli Sea Face,Maharashtra,Mumbai,Mumbai,32422,1.38,23494.2,9,24,32,97,5,2,110,57,37,134,15,19,5,31,88,1,14,15,3524.13
sx9wzpRLUw,GeoPoint,19.02,72.85,IN,400030,Worli Police Camp,Maharashtra,Mumbai,Mumbai,32422,1.38,23494.2,10,27,54,83,6,2,125,56,18,122,17,17,4,35,76,4,10,16,3524.13
mmj1FlchDr,GeoPoint,19.02,72.85,IN,400030,Worli Colony,Maharashtra,Mumbai,Mumbai,32422,1.38,23494.2,8,44,37,94,6,1,94,47,40,146,22,19,5,25,62,1,13,27,3524.13
wtsXChCHLB,GeoPoint,19.02,72.85,IN,400030,Century Mill,Maharashtra,Mumbai,Mumbai,32422,1.38,23494.2,9,46,57,108,10,3,102,51,17,118,15,14,3,26,87,2,14,28,3524.13
BJf8P6YN54,GeoPoint,19.02,72.85,IN,400031,Wadala Rs,Maharashtra,Mumbai,Mumbai,42557,1.32,32240.15,6,23,52,104,4,2,90,66,44,139,25,20,1,40,55,3,13,17,4836.02
jCFmchDASQ,GeoPoint,19.02,72.85,IN,400031,Wadala,Maharashtra,Mumbai,Mumbai,143064,6.52,21942.33,9,24,48,85,9,5,105,48,22,126,25,17,4,34,92,4,10,27,3291.35
hwtSpokaXf,GeoPoint,19.02,72.85,IN,400031,Kidwai Nagar (Mumbai),Maharashtra,Mumbai,Mumbai,92810.5,3.92,23676.15,8,26,50,110,6,2,106,46,29,100,19,14,1,26,80,1,13,27,3551.42
ZaD4MYnAFg,GeoPoint,19.02,72.85,IN,400032,Secretariate,Maharashtra,Mumbai,Mumbai,11479,0.41,27997.56,7,45,55,80,2,2,136,48,11,124,24,20,5,28,65,2,11,27,4199.63
XDuon9NyiQ,GeoPoint,19.02,72.85,IN,400032,Mantralaya (Mumbai),Maharashtra,Mumbai,Mumbai,11479,0.41,27997.56,4,55,70,104,5,3,107,49,21,116,19,18,5,37,57,1,14,20,4199.63
wpdaKSRvYU,GeoPoint,19.02,72.85,IN,400032,High Court Building (Mumbai),Maharashtra,Mumbai,Mumbai,11479,0.41,27997.56,10,31,57,94,8,5,110,57,12,118,21,12,2,29,80,2,12,15,4199.63
Sif96B3b2I,GeoPoint,19.02,72.85,IN,400033,Tank Road,Maharashtra,Mumbai,Dadar,47209,1.62,29141.36,6,22,31,97,9,3,124,48,14,136,16,15,1,26,70,5,11,21,4371.2
AI0kIk7mEP,GeoPoint,19.02,72.85,IN,400033,Reay Road,Maharashtra,Mumbai,Dadar,47209,1.62,29141.36,8,50,55,84,5,5,91,70,10,101,16,14,1,26,54,3,11,19,4371.2
HzjnpWJ0M0,GeoPoint,19.02,72.85,IN,400033,L B S N E collage,Maharashtra,Mumbai,Dadar,47209,1.62,29141.36,10,52,68,87,3,1,125,43,18,106,23,20,1,37,83,3,13,20,4371.2
7NXyE66gNu,GeoPoint,19.02,72.85,IN,400033,Kalachowki,Maharashtra,Mumbai,Dadar,47209,1.62,29141.36,6,53,58,80,5,3,93,52,25,114,19,19,4,35,83,3,12,17,4371.2
AxGMkUE8xo,GeoPoint,19.02,72.85,IN,400033,Cotton Exchange,Maharashtra,Mumbai,Dadar,47209,1.62,29141.36,4,22,66,81,3,5,117,70,29,115,16,19,2,35,73,2,13,29,4371.2
vIBJzcLb4F,GeoPoint,19.02,72.85,IN,400034,Tulsiwadi,Maharashtra,Mumbai,Mumbai,4257,0.11,38700,7,25,56,106,3,1,106,55,22,106,21,13,1,26,50,5,10,24,5805
KybvJmUTT2,GeoPoint,19.02,72.85,IN,400034,Haji Ali,Maharashtra,Mumbai,Mumbai,45628,1.27,35927.56,10,38,47,110,5,5,140,52,26,130,23,10,2,32,95,2,12,16,5389.13
b7J3akJSPM,GeoPoint,19.02,72.85,IN,400035,Rajbhavan (Mumbai),Maharashtra,Mumbai,Mumbai,1613,0.3,5376.67,6,28,59,97,2,5,119,67,39,150,24,15,2,33,54,1,12,20,806.5
5284e89fTi,GeoPoint,19.02,72.85,IN,400037,Wadala Truck Terminal,Maharashtra,Mumbai,,98464,5.94,16576.43,8,39,53,100,5,5,112,61,24,104,18,15,2,30,61,1,12,20,2486.46
lg58FW9mUq,GeoPoint,19.02,72.85,IN,400037,C G S Colony,Maharashtra,Mumbai,Mumbai,98464,5.94,16576.43,10,47,61,93,7,5,125,58,28,114,20,19,2,39,68,4,11,20,2486.46
ASRKba6JKB,GeoPoint,19.02,72.85,IN,400037,B P T Colony,Maharashtra,Mumbai,Mumbai,133791,9.46,14142.81,4,40,34,108,3,3,133,53,39,129,24,12,2,34,87,5,13,24,2121.42
xUoCzY2yHX,GeoPoint,19.02,72.85,IN,400037,Antop Hill,Maharashtra,Mumbai,Mumbai,63137,2.42,26089.67,9,47,36,86,5,4,130,65,32,103,22,15,1,32,69,4,15,20,3913.45
3Q6LhAcHXD,GeoPoint,19.08,72.87,IN,400042,Bhandup East,Maharashtra,Mumbai,,89584,18.95,4727.39,8,47,58,109,6,1,126,46,39,110,16,16,4,31,88,4,12,19,709.11
S2FBWvO988,GeoPoint,18.96,72.85,IN,400043,Shivaji Nagar (Mumbai),Maharashtra,Mumbai,,57322,2.54,22567.72,9,23,31,110,3,3,101,70,26,126,22,18,2,30,72,3,15,16,3385.16
ljUoGdQjfC,GeoPoint,19.06,72.93,IN,400043,D.M. Colony,Maharashtra,Mumbai,,80625,6.51,12384.79,5,33,62,83,4,5,130,68,30,128,18,19,1,29,79,2,12,29,1857.72
oKhBpuD89j,GeoPoint,18.96,72.85,IN,400049,Juhu,Maharashtra,Mumbai,Mumbai,164488,6.52,25228.22,7,23,59,102,9,1,102,42,23,139,17,15,1,30,75,2,12,17,3784.23
bqVIsLA1NQ,GeoPoint,18.93,72.89,IN,400050,Bandra West,Maharashtra,Mumbai,Mumbai,183830,5.43,33854.51,5,53,52,90,6,1,137,56,17,138,17,20,1,40,71,4,14,17,5078.18
P6OVQRzNsU,GeoPoint,18.96,72.85,IN,400051,Kherwadi,Maharashtra,Mumbai,Mumbai,10305,0.27,38166.67,9,43,53,94,2,3,134,53,42,143,21,10,4,29,76,1,15,17,5725
Ate9JySe98,GeoPoint,19.06,72.85,IN,400051,Bandra(East),Maharashtra,Mumbai,Mumbai,154553,5.72,27019.76,6,45,45,89,10,1,113,63,15,108,18,18,3,34,52,3,14,22,4052.96
EpURFJUMNF,GeoPoint,19.06,72.85,IN,400051,B.N. Bhavan,Maharashtra,Mumbai,Mumbai,112957.67,4.26,26536.65,6,22,63,107,8,4,114,56,40,104,25,14,2,29,50,4,15,20,3980.5
SZCBgDgC2Q,GeoPoint,19.06,72.85,IN,400051,Audit Bhavan,Maharashtra,Mumbai,Bandra,174015,6.78,25665.93,5,23,36,99,2,4,92,57,35,138,15,15,5,27,50,4,11,24,3849.89
N4JYkDgwPl,GeoPoint,18.8,72.93,IN,400052,V.P. Road,Maharashtra,Mumbai,Mumbai,96900,2.15,45069.77,10,34,33,91,10,1,105,44,19,114,25,19,1,29,80,4,14,21,6760.47
r4VraVIuBM,GeoPoint,18.8,72.93,IN,400052,Khar Delivery,Maharashtra,Mumbai,Mumbai,96900,2.15,45069.77,8,41,43,89,10,5,114,54,31,135,18,18,3,26,69,3,12,22,6760.47
2IzcDhRd7x,GeoPoint,18.8,72.93,IN,400052,Khar Colony,Maharashtra,Mumbai,Mumbai,96900,2.15,45069.77,9,33,30,96,4,4,125,52,21,107,25,19,4,37,82,2,14,24,6760.47
KKEkhSyK44,GeoPoint,18.96,72.85,IN,400052,Danda,Maharashtra,Mumbai,Mumbai,96900,2.15,45069.77,7,46,52,99,3,2,128,44,21,103,15,15,5,31,68,3,14,30,6760.47
JceDbMCCwD,GeoPoint,18.93,72.89,IN,400053,Azad Nagar (Mumbai),Maharashtra,Mumbai,Mumbai,19681,0.44,44729.55,8,29,32,82,2,2,123,62,30,125,16,13,5,32,96,5,14,15,6709.43
ZD90S5COBY,GeoPoint,18.93,72.89,IN,400053,Andheri H.O,Maharashtra,Mumbai,Mumbai,183297,9.48,19335.13,4,50,44,97,7,2,125,58,33,103,25,16,5,26,64,5,14,26,2900.27
ALDoBucdjS,GeoPoint,18.93,72.89,IN,400054,Santacruz(West),Maharashtra,Mumbai,Mumbai,80980,1.71,47356.73,6,48,36,95,2,4,98,48,21,126,15,15,3,36,53,5,10,24,7103.51
RR48nCk3C0,GeoPoint,18.93,72.89,IN,400054,Santacruz Central,Maharashtra,Mumbai,Mumbai,80980,1.71,47356.73,6,52,46,106,8,5,90,46,18,140,18,13,5,32,81,5,14,28,7103.51
PvI1ZvDvwq,GeoPoint,18.93,72.89,IN,400055,Vakola,Maharashtra,Mumbai,Mumbai,58212,1.72,33844.19,7,50,66,92,8,5,120,49,19,148,21,12,5,28,97,4,11,25,5076.63
5BpotmjlF1,GeoPoint,18.93,72.89,IN,400055,Santacruz(East),Maharashtra,Mumbai,Mumbai,88691,2.44,36348.77,4,48,59,110,9,1,113,56,29,141,20,18,4,28,53,2,14,24,5452.32
XHwTgtmBwA,GeoPoint,18.93,72.89,IN,400056,Vileparle(West),Maharashtra,Mumbai,Mumbai,57374,1.36,42186.76,7,36,42,84,5,5,99,65,27,103,16,16,3,38,75,2,15,19,6328.01
Up6duMDZ4s,GeoPoint,18.96,72.85,IN,400056,IRLA,Maharashtra,Mumbai,Mumbai,57374,1.36,42186.76,8,29,51,106,8,4,113,59,14,135,25,19,2,39,69,2,11,18,6328.01
EkZnl5UUMt,GeoPoint,18.93,72.89,IN,400057,Vileparle Railway Station,Maharashtra,Mumbai,Mumbai,101723,2.01,50608.46,5,39,32,88,2,3,134,54,31,106,20,19,2,28,85,5,10,22,7591.27
ZMpUB9r8SN,GeoPoint,18.93,72.89,IN,400057,Vileeparle (East),Maharashtra,Mumbai,Mumbai,101723,2.01,50608.46,10,42,49,83,2,1,96,69,18,105,25,17,3,35,87,1,12,28,7591.27
aMCVmSE9GD,GeoPoint,18.93,72.89,IN,400057,Hanuman Road,Maharashtra,Mumbai,Mumbai,101723,2.01,50608.46,7,38,56,110,4,1,111,64,28,114,22,13,4,32,58,1,11,18,7591.27
YGghbMCIDf,GeoPoint,18.93,72.89,IN,400058,H.M.P. School,Maharashtra,Mumbai,Mumbai,130819,3.69,35452.3,10,42,30,87,3,3,122,68,19,107,19,15,2,26,87,4,14,23,5317.85
F4bP4jOtPB,GeoPoint,18.93,72.89,IN,400058,Andheri Railway Station,Maharashtra,Mumbai,Mumbai,130819,3.69,35452.3,9,36,39,95,2,4,118,68,30,120,18,13,5,27,78,2,12,23,5317.85
UI35QE6fkS,GeoPoint,18.93,72.89,IN,400059,Marol Naka,Maharashtra,Mumbai,Mumbai,138887,3.92,35430.36,4,40,66,106,4,2,121,59,16,134,15,17,2,35,62,1,11,21,5314.55
jpnRMWEise,GeoPoint,18.93,72.89,IN,400059,Marol Bazar,Maharashtra,Mumbai,Mumbai,138887,3.92,35430.36,6,49,64,80,4,1,122,44,42,125,23,17,2,34,74,2,15,23,5314.55
Az11b6WpNA,GeoPoint,18.93,72.89,IN,400059,J.B. Nagar,Maharashtra,Mumbai,Mumbai,163124,3.9,41826.67,8,23,53,104,5,2,127,67,25,118,15,11,5,36,61,4,13,20,6274
ZzPXGKIjjx,GeoPoint,19.17,72.85,IN,400060,Jogeshwari East,Maharashtra,Mumbai,Jogeshwari East,84001,2.62,32061.45,7,28,59,84,10,1,102,60,24,150,24,16,4,29,54,2,11,19,4809.22
i7suJWGgpl,GeoPoint,18.96,72.85,IN,400061,Vesava,Maharashtra,Mumbai,Mumbai,114916,12.75,9013.02,4,50,55,85,4,1,120,51,28,116,17,20,5,35,79,4,15,22,1351.95
FJ7V7bLOBJ,GeoPoint,18.96,72.85,IN,400061,Madh,Maharashtra,Mumbai,Mumbai,35814,10.66,3359.66,5,50,39,97,10,5,132,46,11,112,15,15,1,39,63,4,13,19,503.95
f7fkMHeQo7,GeoPoint,19.16,72.87,IN,400063,Sharma Estate,Maharashtra,Mumbai,Goregaon East,128099,3.25,39415.08,6,33,54,101,6,4,122,52,40,107,25,20,4,31,60,4,13,18,5912.26
eN97jMr0vM,GeoPoint,18.96,72.85,IN,400063,Goregaon East,Maharashtra,Mumbai,Goregaon East,301295,23.31,12925.57,10,20,58,107,6,1,109,40,39,142,20,19,1,39,65,4,13,21,1938.84
h0Gr2GJwUW,GeoPoint,19.2,72.85,IN,400064,Orlem,Maharashtra,Mumbai,Malad West,141512,3.12,45356.41,6,31,53,107,8,2,91,47,32,120,22,11,5,25,51,1,15,27,6803.46
DIfS0BtUTZ,GeoPoint,19.2,72.85,IN,400064,Malad West Dely,Maharashtra,Mumbai,Malad West,384137,22.19,17311.27,7,44,30,95,7,4,109,66,11,110,24,13,5,27,65,1,12,23,2596.69
wczlyut4BF,GeoPoint,18.96,72.85,IN,400064,Malad,Maharashtra,Mumbai,Malad West,384137,22.19,17311.27,8,54,67,80,10,5,100,45,41,103,25,16,2,38,54,1,12,26,2596.69
dWsb8nTpPZ,GeoPoint,19.2,72.85,IN,400064,Liberty Garden,Maharashtra,Mumbai,Malad West,384137,22.19,17311.27,10,37,69,107,6,3,140,61,25,123,23,14,2,32,51,5,12,22,2596.69
en6mBcTFFH,GeoPoint,19.17,72.85,IN,400065,S R P F Camp,Maharashtra,Mumbai,Jogeshwari East,384137,22.19,17311.27,6,52,54,104,10,3,98,40,23,132,16,15,1,35,81,5,10,24,2596.69
xnTYIcaHVT,GeoPoint,19.17,72.85,IN,400065,Nagari Niwara,Maharashtra,Mumbai,Goregaon East,175440,16.79,10449.08,4,43,53,108,8,3,126,60,40,129,19,17,2,40,69,1,10,25,1567.36
gvpztDom9q,GeoPoint,19.17,72.85,IN,400065,Aareymilk Colony,Maharashtra,Mumbai,Goregaon East,739,0.05,14780,10,24,54,83,9,1,107,63,23,108,23,10,3,33,91,2,15,17,2217
koSlNGcsa9,GeoPoint,19.17,72.85,IN,400066,S. K.Nagar,Maharashtra,Mumbai,Borivali East,739,0.05,14780,5,47,30,108,2,2,136,64,36,103,20,13,2,39,89,1,11,15,2217
TCJDjwFifl,GeoPoint,19.17,72.85,IN,400066,Rajendra Nagar (Mumbai),Maharashtra,Mumbai,Borivali East,5367,0.13,41284.62,6,36,41,104,5,5,134,61,20,144,22,13,4,27,61,3,15,20,6192.69
PzQwOcnGBo,GeoPoint,19.17,72.85,IN,400066,Magthane,Maharashtra,Mumbai,Borivali East,5367,0.13,41284.62,5,50,56,96,5,4,90,59,26,145,17,16,3,34,70,5,12,19,6192.69
Blmc2szjL0,GeoPoint,19.17,72.85,IN,400066,Daulat Nagar (Mumbai),Maharashtra,Mumbai,Borivali East,308959,112.42,2748.26,6,51,40,93,5,2,108,51,16,111,21,17,1,38,88,2,13,21,412.24
H6zejoGpyz,GeoPoint,19.17,72.85,IN,400066,Borivali East,Maharashtra,Mumbai,Borivlai East,167265,5.22,32043.1,4,38,31,110,3,5,98,70,18,143,18,12,5,36,85,5,13,22,4806.47
9OAVDMTIYC,GeoPoint,19.17,72.85,IN,400067,Kandivali West,Maharashtra,Mumbai,Kandivali West,360944,11.39,31689.55,6,41,57,102,7,4,106,63,33,140,18,14,1,25,68,2,10,21,4753.43
NAvE53BFns,GeoPoint,19.17,72.85,IN,400067,Kandivali RS,Maharashtra,Mumbai,Mumbai,454923,17.6,25847.9,10,28,56,98,8,5,127,56,32,138,17,17,2,29,74,2,12,19,3877.18
SANGWbn1XR,GeoPoint,19.17,72.85,IN,400067,Charkop,Maharashtra,Mumbai,Kandivlai West,23814,0.5,47628,4,30,50,94,2,2,104,53,12,119,18,10,4,36,94,4,13,28,7144.2
G6O9gC3KEx,GeoPoint,18.96,72.85,IN,400068,Ketkipada,Maharashtra,Mumbai,Dahisar East,8184,0.48,17050,6,20,68,91,10,1,128,55,42,141,22,13,1,38,71,3,14,25,2557.5
3IRlUMdzk2,GeoPoint,19.26,72.87,IN,400068,Dahisar RS,Maharashtra,Mumbai,Dahisar West,75605,5.86,12901.88,10,23,52,85,10,4,107,69,25,133,20,13,1,32,60,5,11,16,1935.28
IgHDFWP2wP,GeoPoint,19.26,72.87,IN,400068,Dahisar,Maharashtra,Mumbai,Dahisar East,227081,10.3,22046.7,6,42,65,106,8,4,127,66,18,142,18,15,4,25,65,5,10,29,3307
vO7e9OtOL2,GeoPoint,19.11,72.87,IN,400069,Nagardas Road,Maharashtra,Mumbai,Mumbai,227081,10.3,22046.7,4,30,42,98,2,4,109,41,17,106,20,16,1,26,58,4,11,28,3307
vRxqJNOKb5,GeoPoint,18.96,72.85,IN,400069,Andheri East,Maharashtra,Mumbai,Mumbai,106887,2.31,46271.43,6,53,65,96,2,5,120,43,45,132,21,12,3,29,76,3,12,21,6940.71
8KEXTRUX2q,GeoPoint,19.07,72.88,IN,400070,Netajinagar,Maharashtra,Mumbai,Chembur,796,0.02,39800,7,29,33,82,6,5,138,57,12,136,18,12,5,32,87,3,15,19,5970
tbOVPbPKEB,GeoPoint,19.07,72.88,IN,400070,Kurla North,Maharashtra,Mumbai,Chembur,796,0.02,39800,9,46,31,104,5,4,97,61,28,110,20,20,4,26,81,3,10,22,5970
R5AyZ2lbtv,GeoPoint,18.96,72.85,IN,400070,Kurla,Maharashtra,Mumbai,Chembur,149504,4.29,34849.42,4,55,69,80,2,4,108,52,24,101,22,15,4,35,62,1,11,24,5227.41
qdfVU8Zfgw,GeoPoint,19.09,72.9,IN,400071,Sindhi Society,Maharashtra,Mumbai,,149504,4.29,34849.42,9,30,50,85,10,1,131,53,31,145,25,20,5,32,53,5,14,30,5227.41
aQleKiFsQQ,GeoPoint,19.09,72.9,IN,400071,Chembur H.O,Maharashtra,Mumbai,,236695,6.61,35808.62,8,37,59,104,3,5,107,42,35,137,20,19,1,26,82,3,12,24,5371.29
t1v21Fk6yD,GeoPoint,19.09,72.9,IN,400072,Vihar Road,Maharashtra,Mumbai,Chembur,169669,4.45,38127.87,7,32,67,105,8,5,97,67,14,101,23,12,1,36,65,5,14,21,5719.18
c0TSpAcXfZ,GeoPoint,19.09,72.9,IN,400072,Sakinaka,Maharashtra,Mumbai,Chembur,113830,3.61,31531.86,4,41,40,80,5,5,96,41,41,148,23,18,3,40,97,2,13,30,4729.78
tQ4TjsYzEd,GeoPoint,19.09,72.9,IN,400074,Mahul Road,Maharashtra,Mumbai,,113830,3.61,31531.86,8,38,67,91,5,3,115,63,17,142,18,18,5,39,85,1,11,19,4729.78
SVMLv06H2h,GeoPoint,19.09,72.9,IN,400074,FCI,Maharashtra,Mumbai,,113830,3.61,31531.86,9,51,45,104,10,2,114,59,28,119,21,18,2,28,52,5,12,16,4729.78
lEYLn3XJA3,GeoPoint,19.09,72.9,IN,400074,Chembur Extension,Maharashtra,Mumbai,,209018,18.35,11390.63,8,37,65,94,7,5,137,63,26,125,25,15,2,30,94,4,14,20,1708.59
OsqB5XLzpQ,GeoPoint,19.09,72.9,IN,400075,R.A.Nagar,Maharashtra,Mumbai,,209018,18.35,11390.63,9,21,59,86,4,4,96,60,36,146,19,17,1,25,71,5,10,30,1708.59
jicHlwyrDq,GeoPoint,19.09,72.9,IN,400075,Pant Nagar,Maharashtra,Mumbai,,209018,18.35,11390.63,6,33,66,98,8,2,93,63,11,148,15,18,5,28,91,3,12,28,1708.59
8dCQmY0iWy,GeoPoint,19.09,72.9,IN,400075,Best Staff Colony,Maharashtra,Mumbai,,85626,3.07,27891.21,10,32,33,107,8,3,130,53,16,136,25,13,5,30,100,1,12,19,4183.68
V3kbNXPjtn,GeoPoint,19.09,72.9,IN,400076,Powai Iit,Maharashtra,Mumbai,,159476,6.77,23556.28,5,24,50,94,8,4,135,69,35,144,18,13,1,29,56,1,10,19,3533.44
TeFoSZyqE4,GeoPoint,18.96,72.85,IN,400077,Rajawadi,Maharashtra,Mumbai,,91808,2.64,34775.76,4,36,48,80,2,1,125,57,11,110,15,14,5,40,88,1,15,21,5216.36
XopIE93UUt,GeoPoint,19.09,72.9,IN,400078,Usha Nagar,Maharashtra,Mumbai,,2122,0.05,42440,9,40,35,100,7,3,116,48,37,149,17,10,1,34,66,2,13,29,6366
estsN5tEGH,GeoPoint,19.09,72.9,IN,400078,P.H. Colony,Maharashtra,Mumbai,,2122,0.05,42440,5,53,38,101,3,1,96,65,11,140,25,18,3,29,94,2,13,28,6366
vb2tC4VIpp,GeoPoint,19.09,72.9,IN,400078,J.M. Road,Maharashtra,Mumbai,,2122,0.05,42440,5,48,66,87,8,2,138,49,32,112,18,16,3,30,64,2,13,21,6366
HLPdRQ4fQT,GeoPoint,19.09,72.9,IN,400078,Bhandup West,Maharashtra,Mumbai,,270096,7.95,33974.34,7,29,57,108,10,3,121,56,31,113,19,15,5,37,55,4,12,29,5096.15
qXklpmG27q,GeoPoint,19.09,72.9,IN,400078,Bhandup Ind. Estate,Maharashtra,Mumbai,,37231,0.96,38782.29,7,41,45,109,9,3,94,44,33,140,15,17,2,38,82,1,14,19,5817.34
oxHTJSPt26,GeoPoint,18.96,72.85,IN,400079,Vikhroli,Maharashtra,Mumbai,,102801,18.74,5485.65,5,51,63,102,7,5,126,61,35,142,18,13,5,27,68,2,15,28,822.85
4tUdEt6Cbu,GeoPoint,19.11,72.93,IN,400079,Psm Colony,Maharashtra,Mumbai,,102801,18.74,5485.65,10,24,45,109,7,3,120,42,43,102,23,12,3,39,92,3,12,28,822.85
eS23Yc12Jw,GeoPoint,19.18,72.95,IN,400080,S.B. Road,Maharashtra,Mumbai,,250063,7.66,32645.3,4,41,53,105,7,2,139,68,29,112,20,11,3,37,81,2,13,25,4896.8
F8x08PsLus,GeoPoint,19.18,72.95,IN,400080,Nehru Road (Mumbai),Maharashtra,Mumbai,,250063,7.66,32645.3,7,40,53,109,2,5,103,67,14,103,23,11,2,33,65,4,14,26,4896.8
IAIRQYUUuS,GeoPoint,19.18,72.95,IN,400080,Nahur,Maharashtra,Mumbai,,8884,0.71,12512.68,4,50,50,99,9,1,104,44,15,123,16,11,4,35,61,2,14,30,1876.9
r2vlVpmvYD,GeoPoint,18.96,72.85,IN,400080,Mulund West,Maharashtra,Mumbai,,260209,7.18,36240.81,9,36,47,88,9,3,121,42,25,139,20,13,5,38,92,3,12,20,5436.12
ErHwB4TbVH,GeoPoint,19.18,72.95,IN,400080,Mulund Dd Road,Maharashtra,Mumbai,,260209,7.18,36240.81,9,26,68,110,9,1,126,68,33,145,20,20,5,39,54,4,13,25,5436.12
RIjBhdQ66F,GeoPoint,18.96,72.85,IN,400081,Mulund East,Maharashtra,Mumbai,,130767,15.9,8224.34,10,22,37,80,2,1,100,43,32,108,20,16,2,28,51,2,13,27,1233.65
faKEBcESpn,GeoPoint,19.16,72.96,IN,400081,Mhada Colony,Maharashtra,Mumbai,,110587,7.32,15107.51,9,22,54,83,9,4,127,43,43,112,20,12,4,33,80,1,13,16,2266.13
ORg9x9VG23,GeoPoint,19.12,72.95,IN,400082,Mulund Colony,Maharashtra,Mumbai,,110587,7.32,15107.51,7,49,45,82,9,2,98,50,16,129,20,16,2,31,79,5,10,23,2266.13
E4O6HaGrB7,GeoPoint,19.12,72.95,IN,400082,Bhandup Complex,Maharashtra,Mumbai,,22613,0.8,28266.25,5,55,36,86,6,3,132,47,15,130,17,18,5,39,98,1,13,22,4239.94
ETumUqD2QW,GeoPoint,19.12,72.95,IN,400083,Tagore Nagar,Maharashtra,Mumbai,,29897,0.72,41523.61,7,40,67,82,2,2,135,52,43,135,22,20,4,29,74,5,12,17,6228.54
f8gs5Oj6lB,GeoPoint,19.12,72.95,IN,400083,Kannamwar Nagar,Maharashtra,Mumbai,,85591,6.52,13127.45,5,47,57,91,10,4,99,40,31,108,17,16,5,28,89,4,11,24,1969.12
XXlGiAEzih,GeoPoint,19.12,72.95,IN,400084,Barve Nagar,Maharashtra,Mumbai,,127338,3.8,33510,6,34,52,95,4,3,136,40,33,130,22,14,2,30,79,5,14,20,5026.5
juSApahu3V,GeoPoint,19.12,72.95,IN,400085,BARC,Maharashtra,Mumbai,Mumbai,33327,13.61,2448.71,9,32,61,106,10,3,138,46,33,135,23,19,3,27,71,4,12,17,367.31
jCDuk5LfHH,GeoPoint,19.12,72.95,IN,400086,Sahakar Bhavan,Maharashtra,Mumbai,,33327,13.61,2448.71,6,31,60,95,8,4,105,63,43,132,16,11,4,26,79,4,11,15,367.31
WyNN4P2kW8,GeoPoint,19.12,72.95,IN,400086,Rifle Range,Maharashtra,Mumbai,,33327,13.61,2448.71,10,52,32,102,2,3,115,63,31,132,16,16,1,35,85,1,14,20,367.31
7SB0VQiSkI,GeoPoint,19.12,72.95,IN,400086,Ghatkopar West,Maharashtra,Mumbai,,104899,2.69,38995.91,8,43,64,80,2,1,131,58,22,101,16,13,4,36,77,2,14,22,5849.39
CQnMJkvNEG,GeoPoint,19.12,72.95,IN,400087,NITIE,Maharashtra,Mumbai,Mumbai,59229,6.91,8571.49,4,43,47,99,8,1,99,59,28,117,24,13,1,39,77,5,14,26,1285.72
DQ7D8fRyqs,GeoPoint,18.96,72.85,IN,400088,Trombay,Maharashtra,Mumbai,,107379,18.24,5887.01,5,28,55,106,3,1,136,57,11,142,25,17,3,35,59,2,11,22,883.05
SCqEkDCjVE,GeoPoint,19.03,72.93,IN,400088,T.F.Donar,Maharashtra,Mumbai,,162967,11.65,13988.58,7,39,67,98,3,3,132,51,41,107,24,16,5,28,74,2,10,21,2098.29
BlgbnB02zd,GeoPoint,19.03,72.93,IN,400088,Govandi,Maharashtra,Mumbai,,101910,3.61,28229.92,4,32,66,108,6,5,95,64,14,143,15,10,4,36,71,1,12,16,4234.49
3RjfYvFBSv,GeoPoint,19.12,72.95,IN,400089,Tilak Nagar (Mumbai),Maharashtra,Mumbai,,50899,1.48,34391.22,4,42,56,109,8,3,116,61,34,135,17,13,5,32,66,5,12,29,5158.68
SheCygVIUO,GeoPoint,19.12,72.95,IN,400089,Chembur Rs,Maharashtra,Mumbai,,50899,1.48,34391.22,6,23,61,96,8,1,110,40,32,142,15,10,3,25,72,5,10,29,5158.68
eAiHtHaoh9,GeoPoint,19.24,72.83,IN,400091,Borivali H.O,Maharashtra,Mumbai,Borivali West,190004,5.78,32872.66,9,51,52,109,2,2,121,60,11,145,21,19,2,32,56,4,14,24,4930.9
rOEepUCxJm,GeoPoint,18.96,72.85,IN,400092,Borivali West,Maharashtra,Mumbai,Borivali West,161790,29.59,5467.73,5,29,49,98,6,5,123,55,31,106,18,15,3,35,98,2,15,17,820.16
3oBUv30BX5,GeoPoint,19.24,72.83,IN,400093,Chakala Midc,Maharashtra,Mumbai,Mumbai,123253,3.23,38158.82,4,52,30,81,5,3,138,55,43,104,18,19,1,25,69,1,14,28,5723.82
VhOF3flYy1,GeoPoint,19.24,72.83,IN,400094,Anushakti Nagar,Maharashtra,Mumbai,,46825,4.7,9962.77,9,33,50,88,5,3,122,65,17,149,19,20,5,28,56,5,14,20,1494.41
C84ZzfuXTV,GeoPoint,19.24,72.83,IN,400095,Kharodi,Maharashtra,Mumbai,Malad West,15852,0.54,29355.56,8,25,45,82,5,4,132,48,17,134,20,10,4,38,83,3,10,24,4403.33
RZhystpC6U,GeoPoint,19.24,72.83,IN,400095,Ins Hamla,Maharashtra,Mumbai,Malad West,159524,16.31,9780.75,4,40,39,96,8,5,91,62,22,106,19,10,5,37,74,2,10,26,1467.11
lODlF2syKz,GeoPoint,19.24,72.83,IN,400096,Seepz,Maharashtra,Mumbai,Mumbai,28599,1.12,25534.82,5,27,64,82,5,1,127,49,41,135,17,11,3,32,53,5,10,15,3830.22
Z4HgFvUyPJ,GeoPoint,19.24,72.83,IN,400097,Rani Sati Marg,Maharashtra,Mumbai,Malad East,28599,1.12,25534.82,9,53,51,108,8,1,125,66,33,145,19,11,2,39,97,2,11,17,3830.22
SCRcJkxqt8,GeoPoint,19.24,72.83,IN,400097,Malad East,Maharashtra,Mumbai,Malad East,238371,8.55,27879.65,6,54,54,82,3,3,122,46,36,128,23,19,1,30,60,5,12,22,4181.95
bDNMJO9STP,GeoPoint,19.24,72.83,IN,400098,Vidyanagari,Maharashtra,Mumbai,Mumbai,65786,2.65,24824.91,5,54,51,104,2,1,98,68,44,126,24,13,1,27,70,1,11,21,3723.74
Uz3TRZlAmm,GeoPoint,19.24,72.83,IN,400099,Sahargaon,Maharashtra,Mumbai,Mumbai,11566,0.51,22678.43,9,46,52,85,9,5,104,44,15,103,19,14,5,30,79,3,11,16,3401.76
rdOw65bnr1,GeoPoint,19.24,72.83,IN,400099,Sahar P & T Colony,Maharashtra,Mumbai,Mumbai,1491,0.11,13554.55,6,34,64,87,2,3,104,43,13,116,22,10,5,36,77,2,13,30,2033.18
vpwGpJe1BM,GeoPoint,19.24,72.83,IN,400099,International Airport,Maharashtra,Mumbai,Mumbai,16737,6.61,2532.07,9,27,66,100,4,5,117,47,29,107,25,13,4,35,76,5,12,24,379.81
IBGyhOcBxk,GeoPoint,19.24,72.83,IN,400099,Airport (Mumbai),Maharashtra,Mumbai,Mumbai,187690,11.69,16055.6,9,42,31,89,6,2,132,62,20,118,15,20,4,29,77,2,15,16,2408.34
9DqC6XdyQ3,GeoPoint,19.16,72.87,IN,400101,Kandivali East Extn Counter,Maharashtra,Mumbai,Mumbai,187690,11.69,16055.6,6,28,47,104,7,5,106,58,35,103,20,17,1,34,72,3,13,22,2408.34
ZSJTLYpE0s,GeoPoint,19.16,72.87,IN,400101,Kandivali East,Maharashtra,Mumbai,Kandivali East,141504,5.98,23662.88,7,43,30,84,2,1,139,64,28,121,18,18,4,31,85,2,13,20,3549.43
Bz6TESZke0,GeoPoint,19.16,72.87,IN,400102,Oshiwara,Maharashtra,Mumbai,Jogeshwari West,172820,4.64,37245.69,6,54,61,81,9,4,136,44,35,101,17,15,3,27,68,5,10,15,5586.85
A01yDSpbuu,GeoPoint,19.16,72.87,IN,400102,Jogeshwari West,Maharashtra,Mumbai,Jogeshwari West,127806,3.54,36103.39,6,43,66,90,4,4,136,61,37,146,15,19,1,33,58,3,11,17,5415.51
5LCyB3Pt3b,GeoPoint,19.16,72.87,IN,400103,Mandapeshwar,Maharashtra,Mumbai,Borivali West,59300,3.8,15605.26,8,21,31,100,10,4,129,49,10,130,17,15,5,30,73,3,11,29,2340.79
xjze1hxKr6,GeoPoint,19.16,72.87,IN,400104,Motilal Nagar,Maharashtra,Mumbai,Goregaon West,210944,5.71,36942.91,6,35,54,108,4,4,124,43,11,135,23,15,5,36,88,4,15,25,5541.44
IkDx8MuNVE,GeoPoint,19.16,72.87,IN,400104,Goregaon RS,Maharashtra,Mumbai,Goregaon West,301295,23.31,12925.57,9,46,54,95,8,5,92,50,19,144,17,17,2,25,95,3,15,24,1938.84
TBmDr7uxNm,GeoPoint,18.96,72.85,IN,400104,Goregaon (Mumbai),Maharashtra,Mumbai,Goregaon West,211489,5.44,38876.65,10,35,38,101,5,2,120,49,26,114,16,17,2,35,73,3,11,25,5831.5
xOXsENt8c6,GeoPoint,19.16,72.87,IN,400104,Bangur Nagar,Maharashtra,Mumbai,Goregaon West,211489,5.44,38876.65,9,28,36,104,5,3,102,59,27,110,18,14,4,33,51,1,11,22,5831.5
B7zamR5GUQ,GeoPoint,19.19,73,IN,400601,Thane R.S.,Maharashtra,Thane,Thane,211489,5.44,38876.65,8,34,39,100,6,1,119,63,16,115,18,11,5,39,86,4,10,18,5831.5
jBmGYC3UHD,GeoPoint,19.19,73,IN,400601,Thane H.O,Maharashtra,Thane,Thane,157990,3.35,47161.19,5,46,39,92,9,4,113,67,31,138,18,18,2,38,50,3,13,30,7074.18
Ph3XmkwdA0,GeoPoint,19.19,73,IN,400601,Thane Bazar,Maharashtra,Thane,Thane,157990,3.35,47161.19,4,46,37,97,10,4,112,47,38,120,19,14,4,36,70,2,10,24,7074.18
PAzUqhncsV,GeoPoint,19.19,73,IN,400602,Naupada (Thane),Maharashtra,Thane,Thane,253823,3.94,64422.08,7,34,47,91,6,3,101,59,20,105,17,20,4,37,96,2,14,25,9663.31
58VZZYCmqS,GeoPoint,19.19,73,IN,400602,Gokhale Road (Thane),Maharashtra,Thane,,253823,3.94,64422.08,10,37,67,81,3,3,123,60,40,129,15,18,2,34,68,3,12,20,9663.31
4oeRWf52DG,GeoPoint,19.19,73,IN,400603,Thane East,Maharashtra,Thane,Thane,72730,2.58,28189.92,9,49,54,106,3,2,95,45,33,102,19,10,2,38,93,4,10,18,4228.49
BCttO9yG6A,GeoPoint,19.19,73,IN,400603,Kopri Colony,Maharashtra,Thane,Thane,83484,3.18,26252.83,8,37,61,95,2,4,90,70,42,108,16,14,4,27,98,1,12,29,3937.92
LzvcCNO7Hp,GeoPoint,19.19,73,IN,400604,Wagle I.E.,Maharashtra,Thane,Thane,298449,5.62,53104.8,9,54,53,97,2,2,136,44,12,122,22,12,5,35,77,2,13,17,7965.72
ttHOZa7jkI,GeoPoint,19.19,73,IN,400605,Kalwa,Maharashtra,Thane,Thane,222451,11.03,20167.82,5,46,40,102,3,3,118,56,18,105,21,20,2,27,69,4,14,28,3025.17
FWcbn9Kafm,GeoPoint,19.19,73,IN,400606,Jekegram,Maharashtra,Thane,Thane,242542,5.38,45082.16,5,54,41,84,3,1,100,53,30,119,22,18,2,36,72,4,14,29,6762.32
eFZFyryARf,GeoPoint,19.19,73,IN,400607,Sandozbaugh,Maharashtra,Thane,Thane,226102,8.71,25958.9,10,46,70,86,3,5,123,66,15,137,22,14,5,34,66,1,12,25,3893.83
Sl2NHNwXvW,GeoPoint,19.19,73,IN,400607,Chitalsar Manpada,Maharashtra,Thane,Thane,226102,8.71,25958.9,8,42,34,108,7,2,114,59,31,147,24,20,2,31,100,5,14,28,3893.83
ICWCjnvkMX,GeoPoint,19.19,73,IN,400608,Tapasenagar,Maharashtra,Thane,Thane,226102,8.71,25958.9,8,53,57,80,2,2,100,53,25,146,15,15,4,27,85,4,14,18,3893.83
edetgFTzfA,GeoPoint,19.19,73,IN,400608,Shrirangnagar,Maharashtra,Thane,Thane,226102,8.71,25958.9,10,38,43,87,7,3,131,64,41,143,18,13,5,32,83,3,15,26,3893.83
YqwJg237nh,GeoPoint,19.19,73,IN,400608,Balkum,Maharashtra,Thane,,134813,7.12,18934.41,9,47,65,96,4,5,134,65,16,150,20,20,1,36,72,3,11,27,2840.16
Y61NDJbbGF,GeoPoint,19.19,73,IN,400610,Apna Bazar,Maharashtra,Thane,,176143,4.94,35656.48,8,40,38,107,7,3,133,54,37,124,23,15,5,35,68,2,13,18,5348.47
mQWSE4u1hv,GeoPoint,19.19,73,IN,400612,Waklan,Maharashtra,Thane,Thane,176143,4.94,35656.48,4,40,36,96,4,1,121,54,12,122,16,13,5,37,63,4,15,15,5348.47
rlYCu9sUMo,GeoPoint,19.19,73,IN,400612,Mumbra,Maharashtra,Thane,Thane,569287,66.67,8538.88,5,36,40,91,4,2,106,52,21,113,20,19,2,40,86,3,13,20,1280.83
VUCNahFryq,GeoPoint,19.19,73,IN,400612,Kausa,Maharashtra,Thane,Thane,569287,66.67,8538.88,8,31,70,90,6,5,136,63,36,117,24,18,1,27,61,5,11,25,1280.83
SYCURTM88Q,GeoPoint,19.19,73,IN,400612,Diwa,Maharashtra,Thane,Thane,87698,4.64,18900.43,4,30,48,97,10,3,130,40,14,149,18,18,3,40,54,1,10,29,2835.06
5ClCWnGdg7,GeoPoint,19.19,73,IN,400612,Dawale,Maharashtra,Thane,Thane,94301,3.93,23995.17,4,37,63,102,7,5,117,47,31,121,20,20,1,31,77,3,10,18,3599.27
7lMQbkMWEO,GeoPoint,19.19,73,IN,400612,Dahisar,Maharashtra,Thane,Thane,42671,6.55,6514.66,7,24,51,105,5,2,98,59,42,133,19,10,1,31,87,4,14,18,977.2
Qmy6qmCnsm,GeoPoint,19.19,73,IN,400614,Konkan Bhavan,Maharashtra,Thane,,42671,6.55,6514.66,6,50,62,82,6,1,115,56,35,142,22,16,3,31,96,1,14,22,977.2
XO3jSGf1Lm,GeoPoint,19.19,73,IN,400614,Belapur Node-- III,Maharashtra,Thane,,133575,7.04,18973.72,9,29,64,100,10,1,90,55,23,144,23,18,4,39,74,5,14,27,2846.06
EEPAIF8MO7,GeoPoint,19.19,73,IN,400614,Belapur Node- V,Maharashtra,Thane,,133575,7.04,18973.72,8,22,50,100,8,2,131,41,14,109,23,14,4,25,92,1,10,20,2846.06
fbG1xGz9o3,GeoPoint,19.19,73,IN,400615,Kasarvadavali,Maharashtra,Thane,Thane,197049,25.94,7596.34,8,45,56,92,5,4,103,62,35,106,18,20,3,34,66,2,10,15,1139.45
01jH62A411,GeoPoint,19.19,73,IN,400615,Ghodbunder Road,Maharashtra,Thane,Thane,197049,25.94,7596.34,6,20,53,105,9,5,102,40,41,106,17,13,1,26,87,1,14,22,1139.45
xAJNUju6H7,GeoPoint,19.12,72.98,IN,400701,Ghansoli,Maharashtra,Thane,Rabale,303226,25.24,12013.71,9,30,49,104,5,1,106,64,23,100,16,18,4,31,60,4,14,28,1802.06
ziqECNOw3d,GeoPoint,18.88,72.94,IN,400702,Uran,Maharashtra,Raigarh(MH),Uran,140336,35.87,3912.35,7,21,46,106,7,5,118,53,25,130,15,10,4,32,63,1,13,27,586.85
Fl5epq3geW,GeoPoint,18.94,72.96,IN,400702,Sheva,Maharashtra,Raigarh(MH),Uran,13254,4.47,2965.1,8,44,46,104,4,5,116,40,29,137,18,14,5,26,77,3,15,21,444.77
bOysNfLE1S,GeoPoint,18.9,72.94,IN,400702,ONGC-dronagiri,Maharashtra,Raigarh(MH),Uran,8500,1.7,5000,9,38,62,102,3,5,121,55,35,149,17,17,2,34,96,1,10,20,750
UdXRD7A4Mb,GeoPoint,18.9,72.91,IN,400702,Kegaon,Maharashtra,Raigarh(MH),Uran,1054,4.13,255.21,10,35,51,89,10,5,104,46,14,109,15,13,3,28,61,5,13,21,38.28
rjHMfgsbrB,GeoPoint,18.88,72.92,IN,400702,Karanja,Maharashtra,Raigarh(MH),Uran,1054,4.13,255.21,7,48,49,87,7,5,94,57,45,129,16,19,3,27,73,5,15,29,38.28
Ynl4eJknHw,GeoPoint,18.9,72.94,IN,400702,Chanje,Maharashtra,Raigarh(MH),Uran,3471,0.79,4393.67,8,42,54,93,7,4,108,61,43,106,22,13,3,32,87,1,14,21,659.05
4EqPVtPSUP,GeoPoint,18.89,72.98,IN,400702,Bokadvira,Maharashtra,Raigarh(MH),Uran,3080,1.28,2406.25,5,32,40,88,2,1,129,51,12,113,18,13,1,31,93,5,15,19,360.94
YQQuBIGI4s,GeoPoint,19.08,73,IN,400703,Vashi-VII,Maharashtra,Thane,,3080,1.28,2406.25,6,31,46,80,6,3,122,68,38,105,25,15,2,30,55,2,11,24,360.94
JFTMuTieLE,GeoPoint,19.08,73,IN,400703,Vashi Sec-26,Maharashtra,Thane,,3080,1.28,2406.25,9,51,38,101,5,3,99,66,26,101,20,18,1,34,94,5,12,24,360.94
QNvsjLKq2x,GeoPoint,19.08,73,IN,400703,Vashi (Thane),Maharashtra,Thane,,275523,8.79,31345.05,7,55,38,93,5,2,111,44,19,115,17,13,4,27,63,2,14,22,4701.76
GvuKWh3U9u,GeoPoint,19.08,73,IN,400703,Turbhe Market,Maharashtra,Thane,,16943,0.32,52946.88,4,20,43,100,7,2,133,49,13,129,25,11,5,40,81,5,11,26,7942.03
0YNl0BJVur,GeoPoint,19.08,73,IN,400703,Turbhe,Maharashtra,Thane,,139734,5.31,26315.25,10,32,39,84,10,1,113,51,24,137,17,20,1,37,90,5,13,30,3947.29
WHqzVoZqLX,GeoPoint,19.08,73,IN,400703,Sanpada,Maharashtra,Thane,Thane,191032,14.07,13577.26,7,52,36,92,8,1,90,48,14,125,21,11,1,33,100,2,11,19,2036.59
FG86ctCf1K,GeoPoint,19.08,73,IN,400703,K.U.Bazar,Maharashtra,Thane,,376693,15.77,23886.68,6,35,38,91,5,1,101,62,16,111,16,10,4,37,65,3,14,17,3583
ug3Uc5T4YS,GeoPoint,18.91,72.93,IN,400704,N.S.Karanja,Maharashtra,Raigarh(MH),Uran,46034,11.85,3884.73,9,25,65,100,6,1,94,60,18,122,21,12,2,27,50,2,14,26,582.71
0uK8RNOUo1,GeoPoint,18.91,72.93,IN,400704,Mora,Maharashtra,Raigarh(MH),Uran,676,0.53,1275.47,4,29,56,80,9,2,136,58,18,136,17,20,2,27,69,2,14,20,191.32
dYjhkNzqLN,GeoPoint,18.99,72.96,IN,400706,Nerul Sec-48,Maharashtra,Thane,,352524,23.52,14988.27,8,44,56,107,2,3,105,69,18,112,21,11,4,39,56,2,10,26,2248.24
eSiq8o6g6u,GeoPoint,18.99,72.96,IN,400706,Nerul Node-III,Maharashtra,Thane,,243317,9.18,26505.12,9,20,36,95,2,3,119,46,31,108,22,18,2,34,89,3,13,16,3975.77
snyrYekU9x,GeoPoint,18.99,72.96,IN,400706,Nerul Node-II,Maharashtra,Thane,,243317,9.18,26505.12,8,38,68,94,2,5,91,50,39,146,25,13,1,35,80,3,12,17,3975.77
NUxwTdBuTw,GeoPoint,18.99,72.96,IN,400706,Darave,Maharashtra,Thane,Thane,74514,5.03,14813.92,10,23,40,80,5,1,97,69,32,126,15,19,5,33,63,4,15,16,2222.09
6jjWCaMrtI,GeoPoint,18.99,72.96,IN,400707,Navghar,Maharashtra,Raigarh(MH),Uran,74514,5.03,14813.92,9,40,64,108,5,3,124,62,21,110,21,11,1,31,61,3,11,22,2222.09
M4z86BQeRc,GeoPoint,18.99,72.96,IN,400707,Jnpt,Maharashtra,Raigarh(MH),Uran,114578,44.41,2580,4,47,39,105,6,5,116,43,39,121,23,16,1,31,93,2,13,15,387
H2ZJrCbBot,GeoPoint,18.99,72.96,IN,400707,Jaskhar,Maharashtra,Raigarh(MH),Uran,114578,44.41,2580,8,24,51,102,4,4,116,61,39,130,21,17,3,35,51,4,12,22,387
kzwP4DZ8q8,GeoPoint,19.15,73,IN,400708,Airoli,Maharashtra,Thane,Thane,244080,14.99,16282.86,8,23,62,89,2,3,130,43,21,111,21,15,1,40,54,5,15,16,2442.43
HY4G1RdCuB,GeoPoint,19.15,73,IN,400708,Airoli,Maharashtra,Thane,Digha,244080,14.99,16282.86,7,33,62,100,9,3,125,66,40,137,18,11,5,38,58,3,14,21,2442.43
H3VRxrLBkL,GeoPoint,18.99,72.96,IN,400709,Kopar Khairne,Maharashtra,Thane,,163926,7.85,20882.29,10,38,37,84,7,3,107,48,26,112,16,19,2,32,89,5,13,17,3132.34
DrZiry22bC,GeoPoint,18.99,72.96,IN,400710,Millenium Business Park,Maharashtra,Thane,,116654,7.49,15574.63,4,50,56,102,4,1,107,45,16,124,15,15,4,32,82,4,10,30,2336.19
gMaTTuN2Sy,GeoPoint,19.41,73.4,IN,401101,Rai,Maharashtra,Thane,Vasai,9045,4.81,1880.46,5,40,42,108,9,1,102,52,11,103,23,17,3,27,63,5,13,28,282.07
6nuX9IMIwr,GeoPoint,19.41,73.4,IN,401101,Bhayander West,Maharashtra,Thane,Thane,100499,40.1,2506.21,4,22,30,82,3,5,96,54,13,112,21,11,2,36,98,3,12,20,375.93
1Y1p3VYe8X,GeoPoint,19.42,74.38,IN,401102,Virathan Budruk,Maharashtra,Thane,Palghar,100499,40.1,2506.21,9,40,70,97,7,5,127,61,15,109,18,14,2,33,56,5,15,16,375.93
XLKy3bRUgo,GeoPoint,19.42,74.38,IN,401102,Usarani,Maharashtra,Thane,Palghar,100499,40.1,2506.21,7,27,59,80,3,4,90,46,10,131,24,16,3,40,96,5,14,19,375.93
D8mDsoMRMR,GeoPoint,19.48,73.08,IN,401102,Umbarpada,Maharashtra,Thane,Palghar,88636,217.37,407.77,8,43,43,106,3,2,139,50,36,118,23,16,5,29,64,1,13,30,61.16
QSDp7XHmOO,GeoPoint,19.42,74.38,IN,401102,Tembhikhodave,Maharashtra,Thane,Palghar,2337,9.98,234.17,6,26,42,102,3,5,99,61,17,120,17,16,4,35,82,5,13,19,35.13
WdIaMUcPxf,GeoPoint,19.6,73.15,IN,401102,Tandulwadi,Maharashtra,Thane,Palghar,3112,17.52,177.63,8,20,30,90,6,1,128,42,26,147,18,20,1,31,69,4,10,28,26.64
EcSS6Bnvxs,GeoPoint,19.6,73.15,IN,401102,Pargaon,Maharashtra,Thane,Palghar,3112,17.52,177.63,10,27,56,96,10,5,113,54,45,123,24,17,5,39,75,1,13,21,26.64
UI2DpXRI0F,GeoPoint,19.42,74.38,IN,401102,Navghar,Maharashtra,Thane,Palghar,2766,0.13,21276.92,5,42,70,90,5,1,95,59,42,128,25,10,3,27,84,4,10,20,3191.54
JHa0pDZA9u,GeoPoint,19.42,74.38,IN,401102,Edwan,Maharashtra,Thane,Palghar,2766,0.13,21276.92,6,30,48,89,2,4,105,43,16,116,21,11,5,30,73,5,12,18,3191.54
byLJZtABEV,GeoPoint,19.42,74.38,IN,401102,Dhekale,Maharashtra,Thane,Palghar,1529,2.98,513.09,4,21,37,85,7,3,121,56,18,112,25,16,3,26,62,5,13,20,76.96
9eqEk4VYl9,GeoPoint,19.42,74.38,IN,401102,Datiware,Maharashtra,Thane,Palghar,1022,10.61,96.32,9,37,56,110,6,5,131,41,40,107,18,18,5,29,95,5,12,30,14.45
55zEWlWVOo,GeoPoint,19.42,74.38,IN,401102,Dahisar tymanor,Maharashtra,Thane,Palghar,7598,26.72,284.36,4,29,63,101,8,5,97,58,17,142,15,13,3,38,79,4,14,15,42.65
qEu3yJAqWm,GeoPoint,19.42,74.38,IN,401102,Agarwadi,Maharashtra,Thane,Mokhada,7598,26.72,284.36,7,34,54,102,7,5,131,46,29,121,25,20,2,39,98,3,13,18,42.65
vBStDQbXNN,GeoPoint,19.88,72.76,IN,401103,Vangaon,Maharashtra,Thane,Palghar,37556,82.19,456.94,10,42,43,80,7,3,137,48,44,114,23,18,4,34,81,4,12,18,68.54
rEI7HFKYsv,GeoPoint,19.66,73.03,IN,401103,Gowane,Maharashtra,Thane,Dahanu,37556,82.19,456.94,4,40,45,101,9,4,126,66,39,139,23,18,1,32,56,1,13,29,68.54
QtdIknmuWM,GeoPoint,19.66,73.03,IN,401103,Chandigaon,Maharashtra,Thane,Dahanu,37556,82.19,456.94,8,44,55,94,5,1,124,43,14,142,18,18,2,36,64,4,10,27,68.54
ZDnB9yN4Q2,GeoPoint,19.66,73.03,IN,401103,Bavada,Maharashtra,Thane,Dahanu,37556,82.19,456.94,4,28,48,93,10,3,91,46,41,102,16,20,3,40,97,5,11,28,68.54
AVrBtrTGLf,GeoPoint,19.44,73.31,IN,401103,Asangaon,Maharashtra,Thane,Dahanu,9585,6.11,1568.74,5,20,59,83,4,5,111,51,29,123,18,18,5,29,66,2,11,20,235.31
0b1chAlkgr,GeoPoint,19.41,73.4,IN,401105,Bhayander East,Maharashtra,Thane,Thane,74281,3.47,21406.63,10,33,39,83,5,2,118,68,44,149,25,11,1,29,76,2,12,22,3210.99
IE2YxGvAtn,GeoPoint,19.27,72.81,IN,401106,Uttan,Maharashtra,Thane,Thane,47894,34.68,1381.03,5,47,50,101,6,1,98,50,28,139,20,10,2,30,95,5,10,29,207.15
z9OwoLvFcm,GeoPoint,19.29,72.81,IN,401106,Dongri,Maharashtra,Thane,Vasai,33386,6.71,4975.56,5,30,70,106,10,1,115,40,17,143,22,16,4,31,65,4,12,27,746.33
L4nct9euit,GeoPoint,19.28,72.87,IN,401107,Mira Road,Maharashtra,Thane,Thane,332172,23.9,13898.41,8,34,44,102,8,2,132,41,12,122,20,12,4,31,100,4,13,30,2084.76
V7T4dCUD5H,GeoPoint,19.28,72.87,IN,401107,Mira,Maharashtra,Thane,Thane,57724,13.87,4161.79,7,50,46,104,9,2,116,45,40,119,21,19,1,31,61,5,10,16,624.27
NW8ZNp3BmX,GeoPoint,19.28,72.87,IN,401107,Kashi,Maharashtra,Thane,Vasai,57724,13.87,4161.79,7,28,54,90,6,3,138,69,37,113,15,11,1,31,50,1,12,22,624.27
9pvvE6RLWN,GeoPoint,19.28,72.87,IN,401107,Ghodbander,Maharashtra,Thane,Vasai,7320,1.66,4409.64,5,46,64,106,4,3,109,60,27,124,17,20,5,37,63,3,12,26,661.45
u6WbkNLR8y,GeoPoint,19.42,72.91,IN,401201,Saloli,Maharashtra,Thane,Vasai,7320,1.66,4409.64,5,37,60,91,4,4,111,41,25,106,16,20,4,33,97,2,10,23,661.45
AWwrRcJnJ6,GeoPoint,19.42,72.91,IN,401201,Mulgaon,Maharashtra,Thane,Vasai,3118,5.68,548.94,7,49,37,90,8,3,105,70,29,107,19,11,1,31,83,5,10,30,82.34
IdQtMCgD1A,GeoPoint,19.42,72.91,IN,401201,Kaular Budruk,Maharashtra,Thane,Vasai,3118,5.68,548.94,6,31,48,84,2,1,135,59,31,134,25,11,5,29,85,2,13,27,82.34
7OOYcAkKk4,GeoPoint,19.42,72.91,IN,401201,Holi Bazar,Maharashtra,Thane,Vasai,3118,5.68,548.94,7,44,70,102,10,3,98,59,25,112,18,17,4,29,93,1,10,28,82.34
hBakz0EHEA,GeoPoint,19.42,72.91,IN,401201,Girij,Maharashtra,Thane,Vasai,3118,5.68,548.94,5,32,44,98,9,1,122,59,43,126,15,16,5,37,78,4,12,26,82.34
nu8XPzyMtL,GeoPoint,19.42,72.91,IN,401201,Bhuigaon,Maharashtra,Thane,Vasai,3118,5.68,548.94,9,55,36,86,4,5,101,48,18,140,18,14,5,40,91,3,13,16,82.34
Gtqbh3ituw,GeoPoint,19.42,72.91,IN,401201,Bassein,Maharashtra,Thane,Bassein,177113,27.56,6426.45,10,37,66,107,9,4,107,66,10,126,16,18,1,25,79,1,13,15,963.97
ZOQFJr7s1I,GeoPoint,19.42,72.91,IN,401202,Vasai Road E,Maharashtra,Thane,Vasai,248643,22.84,10886.3,9,28,51,100,2,3,123,65,10,133,18,17,4,34,68,4,14,25,1632.94
xd63wbYfOn,GeoPoint,19.42,72.91,IN,401202,Umela,Maharashtra,Thane,Vasai,7268,2.1,3460.95,6,35,37,99,9,4,115,67,11,142,25,16,4,27,75,4,10,21,519.14
aPHyNAbQpp,GeoPoint,19.42,72.91,IN,401202,Bassein Road,Maharashtra,Thane,Bassein,7268,2.1,3460.95,9,28,36,89,10,3,127,61,32,101,16,16,3,30,84,4,13,21,519.14
MupO0cdQBi,GeoPoint,19.42,72.8,IN,401203,Umrale,Maharashtra,Thane,Vasai,3619,0.49,7385.71,5,34,47,89,4,4,130,43,16,134,24,18,1,39,73,2,12,19,1107.86
e82xHVIlRQ,GeoPoint,19.42,72.8,IN,401203,Sopara,Maharashtra,Thane,Vasai,217684,24.75,8795.31,6,39,61,86,2,2,125,58,28,119,20,10,2,28,95,1,15,24,1319.3
LSu8wBkNGt,GeoPoint,19.6,73.15,IN,401203,Nala,Maharashtra,Thane,Vasai,4346,1.34,3243.28,10,43,53,90,5,5,108,50,10,143,18,17,4,29,95,4,14,19,486.49
tUUMyfevBN,GeoPoint,19.42,72.8,IN,401203,Gass,Maharashtra,Thane,Vasai,17116,2.85,6005.61,7,36,66,101,8,4,93,68,43,146,16,15,2,36,54,3,11,22,900.84
4eILJyH7Zh,GeoPoint,19.49,73.03,IN,401204,Vedhe,Maharashtra,Thane,Bhiwandi,17116,2.85,6005.61,7,48,54,96,2,2,99,61,25,115,23,11,5,30,50,5,15,28,900.84
moDcgrgVSq,GeoPoint,19.49,73.03,IN,401204,Vajreshwari,Maharashtra,Thane,Bhiwandi,20000,47.4,421.94,7,29,31,90,10,2,117,62,13,114,25,13,3,31,84,2,14,27,63.29
C2O2mh5bjK,GeoPoint,19.49,73.03,IN,401204,Khaniwali,Maharashtra,Thane,Vada,17116,2.85,6005.61,8,53,46,105,10,4,92,67,42,106,25,13,4,34,54,5,10,25,900.84
8l549brCDq,GeoPoint,19.49,73.03,IN,401204,Kelthan,Maharashtra,Thane,Vada,6258,11.24,556.76,8,35,55,105,5,5,122,64,11,118,16,20,3,31,65,1,12,24,83.51
QZEn2zUY2a,GeoPoint,19.42,72.91,IN,401206,Ganeshpuri,Maharashtra,Thane,Bhiwandi,3897,6.16,632.63,4,55,60,96,8,3,105,41,42,103,16,20,1,36,84,4,12,29,94.89
qFxglfKQgF,GeoPoint,19.42,72.91,IN,401207,Papdi,Maharashtra,Thane,Vasai,50462,6.47,7799.38,10,40,40,99,5,5,129,50,16,130,21,18,2,28,63,4,15,23,1169.91
dWqkIjJYHU,GeoPoint,19.6,73.15,IN,401207,Naigaon,Maharashtra,Thane,Vasai,47231,7.43,6356.8,10,49,67,89,5,4,131,66,24,119,16,15,3,30,65,4,12,30,953.52
MaCwGTsIaG,GeoPoint,19.35,72.91,IN,401208,Vasai East IE,Maharashtra,Thane,Vasai,616802,170.13,3625.47,4,48,42,109,6,3,138,46,25,130,24,14,1,29,71,4,11,15,543.82
oLAlJDF3p3,GeoPoint,19.35,72.91,IN,401208,Valiv,Maharashtra,Thane,Vasai,616802,170.13,3625.47,8,28,46,93,6,4,119,50,43,129,21,16,4,38,64,1,10,30,543.82
w4cwV9P5wX,GeoPoint,19.35,72.91,IN,401208,Satiwai,Maharashtra,Thane,Vasai,616802,170.13,3625.47,7,27,37,103,2,4,121,48,28,126,25,11,5,31,65,4,15,29,543.82
73QOi0mDr5,GeoPoint,19.35,72.91,IN,401208,Sasun Navghar,Maharashtra,Thane,Vasai,616802,170.13,3625.47,7,22,65,99,6,3,137,41,19,136,20,18,2,34,52,5,11,24,543.82
ecuXF588aN,GeoPoint,19.35,72.91,IN,401208,Rajawali,Maharashtra,Thane,Vasai,616802,170.13,3625.47,5,51,55,88,5,4,95,53,24,149,22,11,4,34,52,4,14,25,543.82
yA7g3YVZlP,GeoPoint,19.35,72.91,IN,401208,Pelhar,Maharashtra,Thane,Vasai,616802,170.13,3625.47,7,31,36,100,2,5,118,50,17,150,24,17,4,38,75,1,14,21,543.82
30HCfIP5h2,GeoPoint,19.35,72.91,IN,401208,Kaman,Maharashtra,Thane,Vasai,616802,170.13,3625.47,10,54,49,105,4,2,109,45,43,132,23,19,2,35,81,4,11,28,543.82
PsKeBVqwjB,GeoPoint,19.35,72.91,IN,401208,Juchandra,Maharashtra,Thane,Vasai,616802,170.13,3625.47,10,44,45,99,10,4,134,51,24,105,24,14,3,38,60,1,13,24,543.82
dCHOnSoEkE,GeoPoint,19.35,72.91,IN,401208,Gokhiware,Maharashtra,Thane,Vasai,616802,170.13,3625.47,7,20,51,87,10,2,136,56,27,104,15,12,5,25,66,1,10,16,543.82
G0YuZuI0re,GeoPoint,19.42,72.91,IN,401209,Nallosapare E,Maharashtra,Thane,Vasai,344778,18.83,18310.04,8,37,40,110,9,2,97,51,10,131,20,11,2,28,51,2,14,17,2746.51
7bNLTSFUQz,GeoPoint,19.6,73.15,IN,401301,Vatar,Maharashtra,Thane,Vasai,1097,0.65,1687.69,8,24,55,94,7,3,94,53,12,105,20,10,5,38,54,3,10,24,253.15
ciN8AajeQo,GeoPoint,19.15,73.47,IN,401301,Kophrad,Maharashtra,Thane,Vasai,1097,0.65,1687.69,6,40,58,97,2,5,105,40,30,140,18,17,1,29,58,4,11,20,253.15
yR3a7ReWdU,GeoPoint,19.15,73.47,IN,401301,Chikhal Dongre,Maharashtra,Thane,Vasai,1097,0.65,1687.69,5,54,56,92,8,1,94,66,42,140,20,11,1,28,89,4,13,23,253.15
f8LW0qQPx9,GeoPoint,19.15,73.47,IN,401301,Agashi,Maharashtra,Thane,Vasai,57052,25.4,2246.14,10,39,67,86,7,5,122,43,18,106,22,14,5,28,80,4,13,29,336.92
lJ6X0Hkj6U,GeoPoint,19.45,72.75,IN,401302,Arnala,Maharashtra,Thane,Vasai,9378,5.48,1711.31,5,52,31,83,6,5,93,69,27,150,23,10,1,40,76,5,11,15,256.7
MCNWfcy78U,GeoPoint,19.46,72.81,IN,401303,Virar,Maharashtra,Thane,Vasai,394467,240.94,1637.2,6,32,43,83,9,2,92,69,30,123,25,14,4,26,82,4,13,27,245.58
9ebNKGeiUD,GeoPoint,19.47,72.85,IN,401303,Tilher,Maharashtra,Thane,Vasai,3682,15.27,241.13,4,33,54,107,7,4,124,46,22,128,24,18,2,37,54,2,10,24,36.17
r47wzNydP5,GeoPoint,19.6,73.15,IN,401303,Saiwan,Maharashtra,Thane,Vasai,2460,3.86,637.31,6,36,33,109,4,2,118,69,34,105,24,19,4,30,100,4,10,18,95.6
qvJ8a2UfQf,GeoPoint,19.47,72.85,IN,401303,Parol,Maharashtra,Thane,Vasai,2616,12.08,216.56,10,44,41,91,5,3,122,42,21,109,24,19,1,40,72,1,12,23,32.48
N3OX08geKl,GeoPoint,19.48,72.9,IN,401303,Mandvi,Maharashtra,Thane,Vasai,2616,12.08,216.56,7,37,39,92,6,2,102,53,21,130,16,14,1,27,61,2,13,25,32.48
5ujkEV2JtF,GeoPoint,19.47,72.85,IN,401303,Khaniwade,Maharashtra,Thane,Palghar,2616,12.08,216.56,8,22,69,81,6,3,111,41,15,139,16,13,2,27,93,1,11,30,32.48
1FSfK0VLO2,GeoPoint,19.47,72.85,IN,401303,Dahtsar T,Maharashtra,Thane,Palghar,2616,12.08,216.56,9,29,54,94,8,4,97,59,31,149,20,14,1,37,81,4,11,26,32.48
xMRs4qNdy6,GeoPoint,19.47,72.85,IN,401303,Chandansar,Maharashtra,Thane,Vasai,32706,9.47,3453.64,10,25,40,101,6,5,135,44,17,105,25,16,2,26,88,5,13,16,518.05
JxGRj5Ak9E,GeoPoint,19.47,72.85,IN,401303,Bolinj,Maharashtra,Thane,Vasai,23312,3.74,6233.16,4,25,63,99,2,1,128,53,26,137,15,16,2,25,50,1,14,21,934.97
5mDrXap4Kp,GeoPoint,19.47,72.85,IN,401303,Bhatane,Maharashtra,Thane,Vasai,23312,3.74,6233.16,4,36,59,110,2,1,131,47,14,124,15,12,3,36,52,5,12,16,934.97
ep76EuMj8N,GeoPoint,19.4,72.77,IN,401304,Nirmal (Thane),Maharashtra,Thane,Vasai,20939,7.9,2650.51,9,48,46,109,5,5,122,63,37,136,25,15,2,31,73,3,13,30,397.58
rnQLGieBb9,GeoPoint,19.6,73.15,IN,401304,Kalamb,Maharashtra,Thane,Vasai,6077,3.93,1546.31,8,52,33,93,2,4,135,40,42,148,15,12,3,33,70,4,12,25,231.95
2fP3Slucdw,GeoPoint,19.33,73.11,IN,401305,Virar East,Maharashtra,Thane,Vasai,95210,11.3,8425.66,7,38,48,92,9,3,117,44,41,120,22,18,5,32,74,4,15,16,1263.85
Qtqwg1VXqt,GeoPoint,19.23,72.88,IN,401401,Kelwa Road,Maharashtra,Thane,Palghar,95210,11.3,8425.66,4,51,45,86,3,1,99,50,28,104,22,11,4,34,78,1,12,24,1263.85
fLW30bbbJM,GeoPoint,19.23,72.88,IN,401401,Kelwa (Thane),Maharashtra,Thane,Palghar,17722,39.65,446.96,8,23,40,109,4,1,118,60,37,143,15,12,2,30,64,3,10,21,67.04
IcMk3gMzEK,GeoPoint,19.23,72.88,IN,401402,Kelwa-mahim,Maharashtra,Thane,Palghar,45768,94.08,486.48,10,24,64,92,6,1,97,43,35,144,21,20,3,39,62,2,12,26,72.97
7VrxbMz7AH,GeoPoint,19.72,72.91,IN,401403,Somta,Maharashtra,Thane,Palghar,45768,94.08,486.48,9,21,47,93,5,1,91,69,17,143,22,16,3,31,72,2,13,19,72.97
VEpYmKwSgW,GeoPoint,19.72,72.91,IN,401403,Maswan,Maharashtra,Thane,Palghar,45768,94.08,486.48,10,47,31,87,6,3,116,49,43,142,22,19,3,36,50,5,14,20,72.97
Ff3Npw6xw5,GeoPoint,19.72,72.91,IN,401403,Manor,Maharashtra,Thane,Palghar,125217,352.41,355.32,6,41,38,104,4,5,90,50,10,128,22,20,5,29,97,3,10,28,53.3
H9OVKQyRVz,GeoPoint,19.72,72.91,IN,401403,Kurze,Maharashtra,Thane,Vikramgad,125217,352.41,355.32,5,26,68,107,6,1,126,45,24,101,17,11,2,28,100,4,11,26,53.3
rr8PWsBeV7,GeoPoint,19.6,73.15,IN,401403,Kondhan,Maharashtra,Thane,Palghar,27355,1.85,14786.49,8,40,53,96,9,3,114,61,25,124,24,12,1,25,91,4,13,25,2217.97
XW4w0V9F1J,GeoPoint,19.72,72.91,IN,401403,Kev,Maharashtra,Thane,Vikramgad,27355,1.85,14786.49,7,36,57,94,7,4,103,65,31,121,25,20,3,25,71,1,13,19,2217.97
tmfUcltqyv,GeoPoint,19.72,72.91,IN,401403,Govade,Maharashtra,Thane,Palghar,27355,1.85,14786.49,10,22,51,88,3,3,101,42,10,105,16,15,4,39,62,4,14,17,2217.97
ZxCKC25FbD,GeoPoint,19.72,72.91,IN,401403,Durves,Maharashtra,Thane,Palghar,27355,1.85,14786.49,7,39,68,99,8,1,139,57,11,119,25,16,4,39,93,1,11,25,2217.97
YIDLNMeGHi,GeoPoint,19.72,72.91,IN,401403,Bhopoli,Maharashtra,Thane,Vikramgad,27355,1.85,14786.49,4,32,49,92,4,5,109,44,37,140,25,15,1,31,81,5,13,30,2217.97
GIefjNaAcq,GeoPoint,19.72,72.91,IN,401403,Bandhan,Maharashtra,Thane,Palghar,392,0.68,576.47,9,48,31,110,3,5,92,70,24,138,20,15,2,40,68,1,13,30,86.47
N4w1Y875yt,GeoPoint,19.72,72.91,IN,401403,Audhani,Maharashtra,Thane,Palghar,392,0.68,576.47,9,34,61,99,9,5,93,52,26,133,17,20,5,32,63,1,13,26,86.47
rytIMblBNC,GeoPoint,19.23,72.88,IN,401404,Palghar H.O,Maharashtra,Thane,Palghar,147072,221.35,664.43,6,52,37,89,2,2,90,52,31,113,16,14,3,33,76,5,12,30,99.66
6LdNxltGCE,GeoPoint,19.06,72.87,IN,401405,Veur,Maharashtra,Thane,Vasai,147072,221.35,664.43,5,39,65,96,5,2,98,59,44,112,19,19,3,27,59,2,13,17,99.66
v78nd0vfWE,GeoPoint,19.06,72.87,IN,401405,Tembhode,Maharashtra,Thane,Vasai,190,0.09,2111.11,10,52,48,95,5,5,111,56,11,116,18,14,5,40,61,1,15,28,316.67
OCn1BW1Pl1,GeoPoint,19.7,72.72,IN,401405,Shirgaon,Maharashtra,Thane,Palghar,21607,1.56,13850.64,6,22,66,103,7,2,134,69,12,142,23,10,3,32,74,2,10,20,2077.6
wIdtlOkeHC,GeoPoint,19.72,72.7,IN,401405,Satpati,Maharashtra,Thane,Palghar,2751,4.91,560.29,4,55,35,105,4,5,90,54,29,115,19,11,1,25,99,3,10,17,84.04
YETD7aiKT3,GeoPoint,19.06,72.87,IN,401405,Nihe,Maharashtra,Thane,Palghar,2751,4.91,560.29,10,50,50,80,2,1,109,57,21,122,22,18,1,33,86,1,15,29,84.04
tIBAm0MQTL,GeoPoint,19.06,72.87,IN,401405,Nadore,Maharashtra,Thane,Palghar,2751,4.91,560.29,6,50,43,80,2,4,122,44,45,104,15,16,5,34,71,2,12,18,84.04
TMxXzxcjpQ,GeoPoint,19.06,72.87,IN,401405,Kharekuran,Maharashtra,Thane,Palghar,1540,16.45,93.62,6,22,51,103,9,2,106,55,39,115,24,13,1,25,56,1,13,29,14.04
cr6X7HEehf,GeoPoint,19.06,72.87,IN,401405,Katale,Maharashtra,Thane,Palghar,3722,7.28,511.26,8,29,67,96,8,3,137,69,12,122,16,17,5,34,54,1,14,28,76.69
FcgP9v8Yft,GeoPoint,19.6,73.15,IN,401405,Dapoli,Maharashtra,Thane,Palghar,3722,7.28,511.26,4,38,54,107,2,5,119,66,15,126,25,10,5,29,70,4,14,21,76.69
jzqEkEpGeJ,GeoPoint,19.8,72.76,IN,401501,Umroli,Maharashtra,Thane,Palghar,3722,7.28,511.26,5,28,44,106,8,5,122,48,36,108,15,16,2,36,92,2,10,25,76.69
9Sf8PybxwS,GeoPoint,19.8,72.76,IN,401501,Shigaon,Maharashtra,Thane,Palghar,2042,15.73,129.82,7,55,64,94,2,2,129,60,40,115,20,16,3,38,61,5,10,15,19.47
51iZZNM6YS,GeoPoint,19.8,72.76,IN,401501,Sarawali,Maharashtra,Thane,Palghar,14615,1.98,7381.31,6,53,40,103,7,5,93,53,24,119,24,13,2,34,76,2,12,29,1107.2
HooOcdbACg,GeoPoint,19.8,72.76,IN,401501,Nandgaon Tarapur,Maharashtra,Thane,Palghar,3261,18.68,174.57,10,28,49,103,5,1,108,40,36,150,17,20,3,30,51,4,11,23,26.19
FCdjqGXi72,GeoPoint,19.8,72.76,IN,401501,Nanapur,Maharashtra,Thane,Palghar,3261,18.68,174.57,8,43,57,105,3,3,140,60,30,127,20,13,5,28,81,2,15,15,26.19
v1pYIkZqpM,GeoPoint,19.8,72.76,IN,401501,Murbe,Maharashtra,Thane,Palghar,3379,30.36,111.3,10,39,61,86,8,3,132,70,18,127,23,15,1,25,77,4,15,18,16.69
BPkIGnC95m,GeoPoint,19.6,73.15,IN,401501,Mahagaon,Maharashtra,Thane,Palghar,11383,26.53,429.06,8,35,66,110,6,1,120,65,26,145,23,14,4,25,51,4,12,20,64.36
tNQXEKusdF,GeoPoint,19.8,72.76,IN,401501,Kumbhawali,Maharashtra,Thane,Palghar,11383,26.53,429.06,8,34,51,81,6,5,139,65,27,117,23,14,1,33,77,1,12,21,64.36
ZpSeMIksKq,GeoPoint,19.8,72.76,IN,401501,Dandi,Maharashtra,Thane,Palghar,2353,1.24,1897.58,7,24,68,110,5,5,114,69,17,115,25,12,4,25,89,3,14,28,284.64
v0QeVf5HKY,GeoPoint,19.8,72.76,IN,401501,Boisar,Maharashtra,Thane,Palghar,165441,141.19,1171.76,7,39,60,108,9,1,139,64,33,114,21,19,1,27,98,3,13,27,175.76
3NLqrVbIqU,GeoPoint,19.8,72.76,IN,401501,Bategaon,Maharashtra,Thane,Palghar,165441,141.19,1171.76,6,34,35,93,5,3,119,55,18,119,17,14,2,25,79,4,15,25,175.76
oC7zKUG23l,GeoPoint,19.8,72.76,IN,401501,Akkarpatti,Maharashtra,Thane,Dahanu,165441,141.19,1171.76,7,31,55,102,10,4,96,55,18,104,18,14,3,40,61,4,15,18,175.76
4g64gufq0V,GeoPoint,19.83,72.89,IN,401502,Vengani,Maharashtra,Thane,Palghar,7102,2.71,2620.66,10,27,35,105,2,2,113,58,25,123,17,14,1,28,70,1,15,29,393.1
dwOQeGmiCS,GeoPoint,19.87,72.68,IN,401502,Tarapur (Thane),Maharashtra,Thane,Palghar,39024,42.36,921.25,9,42,60,91,10,1,140,70,10,117,21,20,4,27,73,5,14,24,138.19
6Wf6UD83SA,GeoPoint,19.8,73.09,IN,401502,Kudan,Maharashtra,Thane,Palghar,1056,10.18,103.73,4,45,54,85,3,2,138,57,25,133,21,11,3,34,65,3,14,24,15.56
3qqq9YPSgV,GeoPoint,19.83,72.89,IN,401502,Ghiwali,Maharashtra,Thane,Palghar,1056,10.18,103.73,10,53,54,80,5,5,110,55,20,101,22,12,3,32,94,3,11,25,15.56
EFcJSIT4IJ,GeoPoint,19.83,72.89,IN,401502,Dahisar Tarapur,Maharashtra,Thane,Palghar,743,4.67,159.1,8,44,42,89,8,4,125,49,45,121,22,19,4,26,64,2,15,19,23.87
ktH9SIkO6W,GeoPoint,19.87,72.69,IN,401503,Varor,Maharashtra,Thane,Dahanu,2401,4.18,574.4,8,47,55,106,6,2,113,42,41,145,19,10,1,40,99,3,14,28,86.16
G2fPr1X4U9,GeoPoint,19.87,72.69,IN,401503,Vadhavan,Maharashtra,Thane,Dahanu,2401,4.18,574.4,6,41,30,88,5,2,94,53,18,108,15,17,3,25,85,4,10,17,86.16
Ht5S1mpN4S,GeoPoint,19.87,72.69,IN,401503,Tanashi,Maharashtra,Thane,Dahanu,2206,1.16,1901.72,6,52,49,107,7,2,107,47,28,117,20,17,4,27,86,2,13,21,285.26
H80YRceHfK,GeoPoint,19.87,72.69,IN,401503,Chinchani,Maharashtra,Thane,Dahanu,45702,76.9,594.3,5,48,62,91,8,3,118,43,12,122,19,17,1,33,91,4,14,17,89.15
rxM95krs83,GeoPoint,19.84,72.8,IN,401504,Tarapur App,Maharashtra,Thane,Palghar,37051,39.05,948.81,5,26,59,97,10,5,118,43,39,129,23,12,5,33,100,2,10,22,142.32
DSqcEOEqdN,GeoPoint,19.84,72.8,IN,401504,Salwad,Maharashtra,Thane,Palghar,953,8.89,107.2,10,37,58,97,10,1,122,69,11,141,20,14,2,35,100,5,10,19,16.08
ZDRy5ULG2i,GeoPoint,19.84,72.8,IN,401504,Parnali,Maharashtra,Thane,Palghar,953,8.89,107.2,4,31,30,107,8,5,103,64,29,141,23,13,5,26,80,5,14,20,16.08
VimakueRfF,GeoPoint,19.84,72.8,IN,401506,Tarapur Ti,Maharashtra,Thane,Palghar,6202,15.01,413.19,8,41,52,105,9,2,112,61,15,110,22,19,2,40,74,3,13,25,61.98
tZpz0BSuxI,GeoPoint,19.97,72.71,IN,401601,Narpad,Maharashtra,Thane,Dahanu,2491,4.85,513.61,7,28,68,83,2,5,118,49,40,107,15,13,1,27,76,3,15,27,77.04
3POoFtLvQP,GeoPoint,19.6,73.15,IN,401601,Dahanu,Maharashtra,Thane,Dahanu,71222,51.05,1395.14,9,41,39,108,7,1,100,68,10,120,25,14,5,34,73,3,12,19,209.27
iGc3FIZAJi,GeoPoint,19.97,72.71,IN,401601,Badapokharan,Maharashtra,Thane,Dahanu,1865,9.44,197.56,4,28,39,89,4,2,137,65,34,113,17,11,4,36,81,3,15,16,29.63
h4utn5pbtJ,GeoPoint,19.6,73.15,IN,401602,Waki,Maharashtra,Thane,Dahanu,1865,9.44,197.56,8,52,69,85,3,5,124,64,33,134,17,16,1,29,88,2,14,22,29.63
FG4TZ6MC5h,GeoPoint,19.76,73.58,IN,401602,Urse,Maharashtra,Thane,Dahanu,1865,9.44,197.56,10,44,38,106,3,1,126,61,30,111,19,10,5,33,89,3,15,15,29.63
tHOz7cWeS7,GeoPoint,19.76,73.58,IN,401602,Sawata,Maharashtra,Thane,Dahanu,1865,9.44,197.56,10,31,59,97,4,2,106,68,19,117,18,17,5,32,96,5,13,17,29.63
RDZxWpsULp,GeoPoint,19.6,73.15,IN,401602,Saiwan,Maharashtra,Thane,Dahanu,2460,3.86,637.31,9,55,59,108,7,4,132,46,37,114,18,16,1,36,56,2,14,30,95.6
BDApr95205,GeoPoint,19.76,73.58,IN,401602,Ranshet,Maharashtra,Thane,Dahanu,1514,0.15,10093.33,6,40,40,88,2,3,128,61,36,130,22,13,5,36,64,2,10,26,1514
P3ud17vhYH,GeoPoint,19.76,73.58,IN,401602,Nikane,Maharashtra,Thane,Dahanu,3589,8.71,412.06,7,50,58,106,3,2,109,47,33,129,16,18,2,38,97,1,15,20,61.81
xVIU6aEjZo,GeoPoint,19.76,73.58,IN,401602,Karaj Gaon,Maharashtra,Thane,Talasari,3589,8.71,412.06,6,28,42,95,7,4,101,51,22,129,24,12,4,26,83,4,11,17,61.81
7LcneRNEXx,GeoPoint,19.76,73.58,IN,401602,Kainad,Maharashtra,Thane,Dahanu,2297,8.12,282.88,4,45,38,84,4,1,122,61,32,107,15,20,3,39,67,2,11,22,42.43
O37Zzzvbdt,GeoPoint,19.76,73.58,IN,401602,Jamshet,Maharashtra,Thane,Mokhada,2297,8.12,282.88,4,36,40,97,2,4,130,56,10,124,21,14,3,39,86,2,10,16,42.43
6ex6wY3PFq,GeoPoint,19.76,73.58,IN,401602,Ganjad,Maharashtra,Thane,Dahanu,1966,28.05,70.09,4,26,32,81,3,3,135,49,27,131,18,19,3,39,90,5,11,28,10.51
VtHY3wHaco,GeoPoint,19.76,73.58,IN,401602,Dahanu Road,Maharashtra,Thane,Dahanu,145506,368.18,395.2,6,38,57,80,9,4,105,60,23,116,18,14,5,27,65,2,10,27,59.28
mkhczwu2Zs,GeoPoint,19.76,73.58,IN,401602,Chikhale,Maharashtra,Thane,Dahanu,2081,3.86,539.12,8,45,42,99,5,5,140,61,21,104,24,14,5,40,79,4,11,17,80.87
wnBPmHtDvU,GeoPoint,19.76,73.58,IN,401602,Charoti,Maharashtra,Thane,Dahanu,1877,11.37,165.08,10,23,51,87,10,2,130,41,18,149,18,14,1,27,53,4,12,19,24.76
3qVIG0gEWU,GeoPoint,19.76,73.58,IN,401602,Bapugaon,Maharashtra,Thane,Dahanu,678,21.43,31.64,8,54,67,110,5,5,90,69,22,126,19,10,2,35,84,2,12,17,4.75
t4fSckPw7o,GeoPoint,19.76,73.58,IN,401602,Ashagad,Maharashtra,Thane,Dahanu,4160,2.48,1674.45,7,25,47,87,4,5,127,67,35,149,22,17,2,33,77,4,10,16,251.61
Lm6B8EhgjI,GeoPoint,19.76,73.58,IN,401602,Agawan,Maharashtra,Thane,Mokhada,4160,2.48,1674.45,7,42,31,90,3,4,115,41,34,106,21,17,3,37,60,2,13,27,251.61
YCltOzctrR,GeoPoint,19.92,73.32,IN,401603,Zap,Maharashtra,Thane,Jawhar,3281,5.63,582.77,5,29,39,102,2,1,131,45,14,133,17,20,2,32,61,1,15,27,87.42
k8OPNWeERZ,GeoPoint,19.92,73.32,IN,401603,Valvande,Maharashtra,Thane,Jawhar,3281,5.63,582.77,5,20,69,100,10,4,120,54,18,112,23,18,2,31,65,3,12,29,87.42
4K79HEfBx3,GeoPoint,19.4,73.61,IN,401603,Shiroshi,Maharashtra,Thane,Jawhar,1389,2.86,485.66,8,27,44,87,7,3,140,52,30,104,20,15,1,35,97,5,12,29,72.85
TJJ2gQ6FOI,GeoPoint,19.92,73.32,IN,401603,Sankhare,Maharashtra,Thane,Vikramgad,1389,2.86,485.66,6,45,52,88,2,3,134,67,39,148,23,10,1,33,63,4,11,18,72.85
EBCBrCVsh8,GeoPoint,19.92,73.32,IN,401603,Sakharshet,Maharashtra,Thane,Jawhar,2540,17.06,148.89,7,48,43,81,4,1,120,47,43,115,22,20,5,28,60,1,13,25,22.33
CTFaxCKwv2,GeoPoint,19.91,72.81,IN,401603,Sakhare,Maharashtra,Thane,Vikramgad,1764,12.54,140.67,7,28,68,109,8,2,97,60,42,124,22,11,1,37,65,5,15,27,21.1
6kBMlqM7KC,GeoPoint,19.92,73.32,IN,401603,Pimpalshet,Maharashtra,Thane,Jawhar,1196,9.48,126.16,10,39,38,109,3,1,109,50,44,106,15,10,4,38,75,2,12,22,18.92
ocHAIm1CyV,GeoPoint,19.6,73.15,IN,401603,Pathardi,Maharashtra,Thane,Mokhada,1196,9.48,126.16,7,40,53,89,10,4,108,49,30,116,21,18,1,27,75,4,11,30,18.92
IxGBPf4hfC,GeoPoint,19.92,73.32,IN,401603,Nyhale Khurdh,Maharashtra,Thane,Jawhar,1196,9.48,126.16,6,37,36,86,3,3,136,68,32,127,19,15,3,30,92,4,11,30,18.92
AtsUxBrskS,GeoPoint,19.92,73.32,IN,401603,Nyhale Budruk,Maharashtra,Thane,Jawhar,1196,9.48,126.16,5,42,35,92,7,3,107,65,23,119,20,19,4,38,92,2,13,16,18.92
AMqJNcosnU,GeoPoint,19.76,72.69,IN,401603,Nandgaon,Maharashtra,Thane,Jawhar,1196,9.48,126.16,6,38,59,94,10,5,90,40,32,128,25,13,1,31,97,4,12,30,18.92
2uxBEiwi3k,GeoPoint,19.92,73.32,IN,401603,Kogade,Maharashtra,Thane,Jawhar,1196,9.48,126.16,6,31,57,110,6,3,107,46,11,100,20,14,3,31,90,2,10,25,18.92
0Nq3aqHnJ2,GeoPoint,19.92,73.32,IN,401603,Khuded,Maharashtra,Thane,Vikramgad,1196,9.48,126.16,4,21,48,93,8,3,98,65,40,115,19,15,3,26,90,1,12,27,18.92
NPvwIMmdoI,GeoPoint,19.6,73.15,IN,401603,Karhe,Maharashtra,Thane,Vikramgad,2370,13.78,171.99,9,49,50,103,10,2,114,45,45,119,20,14,4,27,81,4,15,16,25.8
8p9zVwheoe,GeoPoint,19.91,73.23,IN,401603,Jawhar,Maharashtra,Thane,Jawhar,155351,762.51,203.74,8,43,62,84,6,5,101,54,22,129,20,12,1,31,65,4,15,30,30.56
I8oABbldzW,GeoPoint,19.92,73.32,IN,401603,Jamsar,Maharashtra,Thane,Jawhar,2278,9.86,231.03,5,39,49,99,10,5,90,44,20,128,25,16,5,40,61,2,10,27,34.66
M8Bcrq0V2J,GeoPoint,19.92,73.32,IN,401603,Dhanoshi,Maharashtra,Thane,Jawhar,1182,3.48,339.64,6,52,70,88,2,1,131,41,42,129,22,18,5,34,78,1,13,27,50.95
bcvEggTdyW,GeoPoint,19.92,73.32,IN,401603,Dengachimet,Maharashtra,Thane,Jawhar,928,,#VALUE!,10,45,66,85,7,2,133,42,37,147,25,14,2,36,65,2,11,18,
aGNQTaU9dT,GeoPoint,19.92,73.32,IN,401603,Dehere,Maharashtra,Thane,Jawhar,928,,#VALUE!,7,33,35,84,2,5,115,56,36,132,21,17,4,32,66,1,11,30,
9y68w3sID2,GeoPoint,19.6,73.15,IN,401603,Dabheri,Maharashtra,Thane,Dahanu,928,,#VALUE!,5,50,62,82,2,5,137,48,19,110,21,16,1,32,100,5,10,22,
n2rx2r8VYR,GeoPoint,19.54,74.73,IN,401604,Vashala,Maharashtra,Thane,Mokhada,634,4.78,132.64,7,36,68,97,10,5,124,67,11,108,15,20,4,35,76,2,11,28,19.9
kuNADHLrBt,GeoPoint,19.54,74.73,IN,401604,Udhale,Maharashtra,Thane,Mokhada,561,3.69,152.03,9,28,63,102,2,5,123,70,40,101,17,10,5,36,93,5,13,29,22.8
xMWCJjucNf,GeoPoint,19.54,74.73,IN,401604,Poshera,Maharashtra,Thane,Mokhada,2538,9.65,263.01,7,47,60,101,9,4,108,66,43,142,21,20,3,32,86,4,13,18,39.45
eTDRwC2WU8,GeoPoint,19.54,74.73,IN,401604,Morhanda,Maharashtra,Thane,Mokhada,2568,17.53,146.49,5,45,52,89,10,5,93,48,42,123,22,13,2,39,57,1,13,23,21.97
HKaV4OGZAK,GeoPoint,19.94,73.34,IN,401604,Mokhada,Maharashtra,Thane,Mokhada,125801,589.63,213.36,10,47,55,84,2,4,93,53,35,123,20,19,2,38,64,1,14,16,32
5ohlLHYyve,GeoPoint,19.54,74.73,IN,401604,Koch,Maharashtra,Thane,Mokhada,125801,589.63,213.36,6,37,44,93,3,1,103,56,25,129,18,11,2,39,81,1,11,20,32
ENNsBYWb7G,GeoPoint,19.54,74.73,IN,401604,Khodale,Maharashtra,Thane,Mokhada,125801,589.63,213.36,8,24,69,93,4,5,107,50,42,122,21,17,2,40,52,5,13,30,32
qyeKGuRXNO,GeoPoint,19.54,74.73,IN,401604,Kharegaon,Maharashtra,Thane,Mokhada,3294,0.12,27450,8,45,66,108,10,1,91,54,14,125,15,17,4,38,55,1,13,20,4117.5
odbOCudpgD,GeoPoint,19.54,74.73,IN,401604,Gomghar,Maharashtra,Thane,Mokhada,3294,0.12,27450,5,33,68,100,10,4,90,54,14,101,18,14,4,39,79,5,14,25,4117.5
14pK5Cz9CP,GeoPoint,19.6,73.15,IN,401604,Dolhara,Maharashtra,Thane,Mokhada,3294,0.12,27450,7,40,38,87,2,5,100,68,38,122,20,12,2,33,80,5,14,15,4117.5
Dw3HkHRU21,GeoPoint,19.6,73.15,IN,401604,Chas,Maharashtra,Thane,Mokhada,2609,986.6,2.64,7,42,68,86,2,2,99,48,35,126,17,10,4,32,61,1,14,27,0.4
3rm6ug2fFf,GeoPoint,19.54,74.73,IN,401604,Beriste,Maharashtra,Thane,Mokhada,4316,20.01,215.69,10,41,38,99,2,3,118,60,24,106,19,20,4,38,50,4,10,29,32.35
CjFjaggOUQ,GeoPoint,19.54,74.73,IN,401604,Ase,Maharashtra,Thane,Mokhada,2103,12.12,173.51,6,48,56,81,4,5,103,48,32,145,21,14,4,31,85,3,13,16,26.03
BSiAuPX4sX,GeoPoint,19.76,73.58,IN,401605,Vikramgad,Maharashtra,Thane,Vikramgad,116888,476.75,245.18,7,37,66,108,5,2,134,70,27,107,15,15,5,34,94,5,12,22,36.78
sMkVOXR3p6,GeoPoint,19.76,73.58,IN,401605,Sukhasale,Maharashtra,Thane,Vikramgad,116888,476.75,245.18,10,43,45,81,6,3,111,43,16,134,17,10,3,28,71,2,10,25,36.78
zG6fIFA54Q,GeoPoint,19.76,73.58,IN,401605,Ondhe,Maharashtra,Thane,Vikramgad,116888,476.75,245.18,7,46,59,102,8,5,91,52,14,141,25,12,5,31,61,4,14,21,36.78
LmtjAF3pZu,GeoPoint,19.76,73.58,IN,401605,Medhi,Maharashtra,Thane,Vikramgad,116888,476.75,245.18,8,41,36,95,2,5,104,61,39,136,20,13,1,28,78,5,12,23,36.78
e8MKa1SuLS,GeoPoint,19.76,73.58,IN,401605,Khoste,Maharashtra,Thane,Vikramgad,796,5.63,141.39,7,45,33,100,8,4,93,52,33,105,15,18,1,31,51,2,10,28,21.21
ZhJj29mKIr,GeoPoint,19.76,73.58,IN,401605,Dadade,Maharashtra,Thane,Palghar,796,5.63,141.39,4,37,57,81,4,5,137,56,13,136,17,13,5,33,66,2,10,26,21.21
y1L2CcqvAd,GeoPoint,19.59,73.36,IN,401606,Zari,Maharashtra,Thane,Talasari,3008,8.33,361.1,9,20,64,92,3,5,138,59,15,138,17,14,5,27,83,3,14,22,54.17
pB0QSQ3w53,GeoPoint,19.59,73.36,IN,401606,Vevji,Maharashtra,Thane,Talasari,3008,8.33,361.1,4,46,40,107,8,2,95,62,38,109,22,10,3,36,61,3,13,28,54.17
vNAvMCkJCO,GeoPoint,19.59,73.36,IN,401606,Uplat,Maharashtra,Thane,Talasari,1365,18.8,72.61,10,38,69,80,2,1,122,45,42,119,17,15,5,40,55,1,11,17,10.89
cPhiuP4R7X,GeoPoint,19.59,73.36,IN,401606,Udhave,Maharashtra,Thane,Talasari,1365,18.8,72.61,4,51,34,86,10,4,119,68,39,101,17,15,2,33,62,3,10,22,10.89
QSMyNway6G,GeoPoint,19.59,73.36,IN,401606,Talasari,Maharashtra,Thane,Talasari,185883,303.77,611.92,4,35,37,105,3,5,94,62,19,117,17,13,1,32,58,3,15,21,91.79
NJO88oEVoD,GeoPoint,19.59,73.36,IN,401606,Modgaon,Maharashtra,Thane,Dahanu,185883,303.77,611.92,5,41,45,94,2,1,112,58,19,139,18,11,1,39,100,3,10,30,91.79
zp5J22CiOp,GeoPoint,19.59,73.36,IN,401606,Kurze,Maharashtra,Thane,Vikramgad,185883,303.77,611.92,4,48,46,104,9,2,132,43,33,143,25,15,5,36,92,3,10,19,91.79
nsY8Q7DRch,GeoPoint,19.59,73.36,IN,401606,Kochai,Maharashtra,Thane,Talasari,185883,303.77,611.92,4,45,41,97,10,1,120,63,37,113,22,13,3,25,52,5,11,25,91.79
m3D3b3uUiw,GeoPoint,19.6,73.15,IN,401606,Girgaon,Maharashtra,Thane,Talasari,1913,0.6,3188.33,7,48,67,99,9,1,107,50,14,122,22,16,4,29,58,3,10,27,478.25
JK11HJU63p,GeoPoint,19.29,72.81,IN,401606,Dongri,Maharashtra,Thane,Talasari,33386,6.71,4975.56,8,23,45,101,4,1,130,49,11,143,15,13,1,32,63,3,11,30,746.33
yc9IyO2HNO,GeoPoint,19.59,73.36,IN,401606,Dhundalwadi,Maharashtra,Thane,Dahanu,1924,9.77,196.93,4,31,58,99,3,4,108,60,41,123,17,19,5,36,82,3,12,21,29.54
ofbSHW7wxI,GeoPoint,19.59,73.36,IN,401606,Dhaniwari,Maharashtra,Thane,Dahanu,1390,1223,1.14,6,43,54,88,7,2,100,48,33,116,18,19,3,32,57,3,14,24,0.17
zLfOw9GSC0,GeoPoint,19.6,73.15,IN,401606,Dabhadi,Maharashtra,Thane,Dahanu,1390,1223,1.14,5,48,59,95,5,3,130,61,27,100,25,15,1,33,74,5,14,15,0.17
mFJODSA0Hu,GeoPoint,19.59,73.36,IN,401606,Acchad,Maharashtra,Thane,Talasari,1390,1223,1.14,6,31,37,84,4,1,132,53,28,102,18,19,3,31,65,2,15,26,0.17
UKHHgz9OSv,GeoPoint,19.91,72.95,IN,401607,Veti,Maharashtra,Thane,Vikramgad,5424,17.67,306.96,4,52,43,104,5,3,119,52,19,136,20,19,2,27,78,4,14,20,46.04
HiAiDoLkVt,GeoPoint,19.91,72.95,IN,401607,Tawa,Maharashtra,Thane,Dahanu,1504,5.79,259.76,9,35,54,93,8,2,134,70,12,102,20,15,5,33,80,2,14,20,38.96
XVt1CyI2XA,GeoPoint,19.91,72.95,IN,401607,Talawada,Maharashtra,Thane,Vikramgad,1013,20.1,50.4,6,33,44,89,2,3,99,55,21,101,24,19,5,40,98,3,10,28,7.56
s9wZxrp5Ze,GeoPoint,19.91,72.95,IN,401607,Rankol,Maharashtra,Thane,Dahanu,1446,29.59,48.87,10,24,61,106,6,4,118,57,39,149,19,16,3,26,76,4,12,21,7.33
BnGabTjmtY,GeoPoint,19.91,72.95,IN,401607,Kasa Budruk,Maharashtra,Thane,Dahanu,8466,18.72,452.24,10,27,49,108,10,3,91,44,43,145,18,18,3,36,80,3,15,24,67.84
CBawkJ8I1o,GeoPoint,19.91,72.95,IN,401607,Kasa,Maharashtra,Thane,Dahanu,20248,35.11,576.7,6,23,57,83,2,1,91,48,15,137,22,10,5,40,53,3,15,23,86.51
F8RWKmaNxS,GeoPoint,19.76,73.58,IN,401608,Dahanu TPS,Maharashtra,Thane,Dahanu,21206,23.73,893.64,5,41,44,98,3,4,117,48,26,149,18,10,1,32,86,2,12,29,134.05
XeTkrdi3qw,GeoPoint,19.76,73.58,IN,401609,Suryanagar (Thane),Maharashtra,Thane,Dahanu,22661,98.24,230.67,7,55,67,87,8,5,116,49,30,101,15,18,1,39,61,5,14,28,34.6
qPNeQMBcd1,GeoPoint,19.76,73.58,IN,401610,Dapchari,Maharashtra,Thane,Dahanu,82215,286.31,287.15,4,53,51,109,6,5,126,55,34,116,16,17,5,26,78,3,11,21,43.07
wvoF36ii07,GeoPoint,20.12,72.74,IN,401701,Borigaon,Maharashtra,Thane,Talasari,940,116,8.1,10,34,58,89,4,4,99,63,18,131,15,12,5,39,70,4,14,26,1.22
JEiWJQDHpl,GeoPoint,20.12,72.74,IN,401701,Bordi,Maharashtra,Thane,Dahanu,32881,57.93,567.6,10,44,30,98,10,3,132,41,42,113,24,13,1,26,91,2,14,27,85.14
mGzZNteE5o,GeoPoint,20.08,72.73,IN,401702,Gholvad,Maharashtra,Thane,Dahanu,11824,12.34,958.18,10,50,35,91,7,1,115,55,35,131,23,17,4,35,80,4,12,24,143.73
KBzU53G6BR,GeoPoint,20.1,72.73,IN,401703,Kosbad-hill,Maharashtra,Thane,Dahanu,1230,4.72,260.59,6,43,30,84,2,5,116,61,30,132,22,19,5,28,88,5,10,29,39.09
